Ano;Poder;Órgão;Nome do Órgão;Unidade Orçamentária;Nome da UO;Sigla da UO;Função;Subfunção;Programa;Nome do Programa;Ação;Identificador Projeto Atividade;Projeto Atividade;Nome da Ação;Subprojeto / Subatividade;IAG;Nome IAG;Categoria;Nome Categoria;Natureza;Nome Natureza;Fonte Investimento;Nível Origem;Descrição da Fonte Investimento;Valor (R$)
2027;3;1220;SECRETARIA DE ESTADO DE DESENVOLVIMENTO ECONÔMICO;5011;COMPANHIA DE DESENVOLVIMENTO ECONÔMICO DE MINAS GERAIS;CODEMIG;4;122;133;MINAS GERAÇÃO DE VALOR;3017;3;017; MANUTENÇÃO E AQUISIÇÕES DA CODEMIG;0001;0;Demais Projetos e Atividades;4610;IMOBILIZAÇÕES;4613;OBRAS E INSTALAÇÕES;51000;;RECURSOS PRÓPRIOS;"800000,00"
2027;3;1220;SECRETARIA DE ESTADO DE DESENVOLVIMENTO ECONÔMICO;5011;COMPANHIA DE DESENVOLVIMENTO ECONÔMICO DE MINAS GERAIS;CODEMIG;4;122;133;MINAS GERAÇÃO DE VALOR;3017;3;017; MANUTENÇÃO E AQUISIÇÕES DA CODEMIG;0001;0;Demais Projetos e Atividades;4610;IMOBILIZAÇÕES;4614;"MÁQUINAS, APARELHOS E EQUIPAMENTOS";51000;;RECURSOS PRÓPRIOS;"800000,00"
2027;3;1220;SECRETARIA DE ESTADO DE DESENVOLVIMENTO ECONÔMICO;5031;COMPANHIA DE DESENVOLVIMENTO DE MINAS GERAIS;CODEMGE;19;572;133;MINAS GERAÇÃO DE VALOR;3015;3;015;"GESTÃO DE INFRAESTRUTURA, CONSÓRCIOS E EQUIPAMENTOS CULTURAIS E TURÍSTICOS";0001;0;Demais Projetos e Atividades;4610;IMOBILIZAÇÕES;4613;OBRAS E INSTALAÇÕES;51000;;RECURSOS PRÓPRIOS;"4782988,00"
2027;3;1220;SECRETARIA DE ESTADO DE DESENVOLVIMENTO ECONÔMICO;5031;COMPANHIA DE DESENVOLVIMENTO DE MINAS GERAIS;CODEMGE;19;572;133;MINAS GERAÇÃO DE VALOR;3015;3;015;"GESTÃO DE INFRAESTRUTURA, CONSÓRCIOS E EQUIPAMENTOS CULTURAIS E TURÍSTICOS";0001;0;Demais Projetos e Atividades;4610;IMOBILIZAÇÕES;4614;"MÁQUINAS, APARELHOS E EQUIPAMENTOS";51000;;RECURSOS PRÓPRIOS;"22047416,00"
2027;3;1220;SECRETARIA DE ESTADO DE DESENVOLVIMENTO ECONÔMICO;5071;COMPANHIA DE HABITAÇÃO DO ESTADO DE MINAS GERAIS;COHAB;16;122;705;APOIO ÀS POLÍTICAS PÚBLICAS;6010;6;010;MANUTENÇÃO E ADEQUAÇÃO DA INFRAESTRUTURA ADMINISTRATIVA - COHAB;0001;0;Demais Projetos e Atividades;4610;IMOBILIZAÇÕES;4614;"MÁQUINAS, APARELHOS E EQUIPAMENTOS";51000;;RECURSOS PRÓPRIOS;"36608798,00"
2027;3;1220;SECRETARIA DE ESTADO DE DESENVOLVIMENTO ECONÔMICO;5121;COMPANHIA ENERGÉTICA DE MINAS GERAIS;CEMIG HOLDING;25;752;35;INVESTIMENTOS CEMIG;3010;3;010; INVESTIMENTOS EM PARTICIPAÇÕES SOCIETÁRIAS CEMIG HOLDING;0001;0;Demais Projetos e Atividades;4610;IMOBILIZAÇÕES;4614;"MÁQUINAS, APARELHOS E EQUIPAMENTOS";51000;;RECURSOS PRÓPRIOS;"1000,00"
2027;3;1220;SECRETARIA DE ESTADO DE DESENVOLVIMENTO ECONÔMICO;5121;COMPANHIA ENERGÉTICA DE MINAS GERAIS;CEMIG HOLDING;25;752;35;INVESTIMENTOS CEMIG;3011;3;011; MANUTENÇÃO DA INFRAESTRUTURA DA CEMIG HOLDING;0001;0;Demais Projetos e Atividades;4610;IMOBILIZAÇÕES;4614;"MÁQUINAS, APARELHOS E EQUIPAMENTOS";51000;;RECURSOS PRÓPRIOS;"5282465,00"
2027;3;1220;SECRETARIA DE ESTADO DE DESENVOLVIMENTO ECONÔMICO;5131;AGÊNCIA DE PROMOÇÃO DE INVESTIMENTOS DE MINAS GERAIS;INVEST MINAS;22;122;142;MANUTENÇÃO DA INFRAESTRUTURA ADMINISTRATIVA E OPERACIONAL - INVEST MINAS;6008;6;008;MANUTENÇÃO DA INFRAESTRUTURA ADMINISTRATIVA E OPERACIONAL DA INVEST MINAS;0001;0;Demais Projetos e Atividades;4610;IMOBILIZAÇÕES;4610;IMOBILIZAÇÕES;51000;;RECURSOS PRÓPRIOS;"323000,00"
2027;3;1500;SECRETARIA DE ESTADO DE PLANEJAMENTO E GESTÃO;5141;COMPANHIA DE TECNOLOGIA DA INFORMAÇÃO DO ESTADO DE MINAS GERAIS;PRODEMGE;4;126;30;SOLUÇÕES EM TECNOLOGIA DA INFORMAÇÃO E COMUNICAÇÃO;6006;6;006;MANUTENÇÃO DAS UNIDADES PREDIAIS;0001;0;Demais Projetos e Atividades;4610;IMOBILIZAÇÕES;4613;OBRAS E INSTALAÇÕES;51000;;RECURSOS PRÓPRIOS;"16317109,00"
2027;3;1500;SECRETARIA DE ESTADO DE PLANEJAMENTO E GESTÃO;5141;COMPANHIA DE TECNOLOGIA DA INFORMAÇÃO DO ESTADO DE MINAS GERAIS;PRODEMGE;4;126;30;SOLUÇÕES EM TECNOLOGIA DA INFORMAÇÃO E COMUNICAÇÃO;8001;8;001;AQUISIÇÃO DE HARDWARES E SOFTWARES PARA PRESTAÇÃO DE SERVIÇOS EM TECNOLOGIA DA INFORMAÇÃO E COMUNICAÇÃO;0001;0;Demais Projetos e Atividades;4810;OUTRAS APLICAÇÕES;4817;EQUIPAMENTOS E SOFTWARE;51000;;RECURSOS PRÓPRIOS;"58031337,00"
2027;3;1220;SECRETARIA DE ESTADO DE DESENVOLVIMENTO ECONÔMICO;5191;MINAS GERAIS PARTICIPAÇÕES S.A;MGI;4;123;13;APORTE DE CAPITAL E MANUTENÇÃO DA INFRAESTRUTURA DA MGI;6001;6;001;INVESTIMENTOS VIA PARTICIPAÇÃO SOCIETÁRIA;0001;0;Demais Projetos e Atividades;4510;PARTICIPAÇÃO SOCIETÁRIA;4511;SOCIEDADES CONTROLADAS;11101;;TESOURO ORDINÁRIO - APLICAÇÃO LIVRE;"1000,00"
2027;3;1220;SECRETARIA DE ESTADO DE DESENVOLVIMENTO ECONÔMICO;5191;MINAS GERAIS PARTICIPAÇÕES S.A;MGI;4;123;13;APORTE DE CAPITAL E MANUTENÇÃO DA INFRAESTRUTURA DA MGI;6001;6;001;INVESTIMENTOS VIA PARTICIPAÇÃO SOCIETÁRIA;0001;0;Demais Projetos e Atividades;4510;PARTICIPAÇÃO SOCIETÁRIA;4511;SOCIEDADES CONTROLADAS;51000;;RECURSOS PRÓPRIOS;"1000,00"
2027;3;1220;SECRETARIA DE ESTADO DE DESENVOLVIMENTO ECONÔMICO;5191;MINAS GERAIS PARTICIPAÇÕES S.A;MGI;4;122;13;APORTE DE CAPITAL E MANUTENÇÃO DA INFRAESTRUTURA DA MGI;6011;6;011;MANUTENÇÃO E ADEQUAÇÃO DA INFRAESTRUTURA DA MGI;0001;0;Demais Projetos e Atividades;4810;OUTRAS APLICAÇÕES;4817;EQUIPAMENTOS E SOFTWARE;51000;;RECURSOS PRÓPRIOS;"555000,00"
2027;3;1220;SECRETARIA DE ESTADO DE DESENVOLVIMENTO ECONÔMICO;5191;MINAS GERAIS PARTICIPAÇÕES S.A;MGI;4;122;119;Apoio ao Desenvolvimento Municipal e à Coordenação das Transferências Estaduais de Recursos Financeiros;6003;6;003;SUPORTE AO DESENVOLVIMENTO ESTADUAL;0001;0;Demais Projetos e Atividades;4810;OUTRAS APLICAÇÕES;4819;OUTRAS APLICAÇÕES;11101;;TESOURO ORDINÁRIO - APLICAÇÃO LIVRE;"1000,00"
2027;3;1220;SECRETARIA DE ESTADO DE DESENVOLVIMENTO ECONÔMICO;5191;MINAS GERAIS PARTICIPAÇÕES S.A;MGI;4;122;119;Apoio ao Desenvolvimento Municipal e à Coordenação das Transferências Estaduais de Recursos Financeiros;6003;6;003;SUPORTE AO DESENVOLVIMENTO ESTADUAL;0001;0;Demais Projetos e Atividades;4810;OUTRAS APLICAÇÕES;4819;OUTRAS APLICAÇÕES;51000;;RECURSOS PRÓPRIOS;"664500,00"
2027;3;1220;SECRETARIA DE ESTADO DE DESENVOLVIMENTO ECONÔMICO;5201;BANCO DE DESENVOLVIMENTO DE MINAS GERAIS S.A;BDMG;23;694;14;FINANCIAMENTO À DESCARBONIZAÇÃO E RESILIÊNCIA CLIMÁTICA ENTRE BDMG E BANCO INTERAMERICANO DE DESENVOLVIMENTO (BDMG PBR);8003;8;003;FINANCIAMENTO À DESCARBONIZAÇÃO E RESILIÊNCIA CLIMÁTICA ENTRE BDMG E BANCO INTERAMERICANO DE DESENVOLVIMENTO (BDMG PBR);0001;0;Demais Projetos e Atividades;4810;OUTRAS APLICAÇÕES;4810;OUTRAS APLICAÇÕES;12400;;OUTRAS ENTIDADES - BDMG;"260000000,00"
2027;3;1220;SECRETARIA DE ESTADO DE DESENVOLVIMENTO ECONÔMICO;5201;BANCO DE DESENVOLVIMENTO DE MINAS GERAIS S.A;BDMG;23;122;17;INVESTIMENTO NA INFRAESTRUTURA ADMINISTRATIVA E OPERACIONAL  DO BDMG;6004;6;004;MANUTENÇÃO E ADEQUAÇÃO DA INFRA-ESTRUTURA ADMINISTRATIVA E OPERACIONAL DO BDMG;0001;0;Demais Projetos e Atividades;4810;OUTRAS APLICAÇÕES;4813;INTANGÍVEIS E OUTROS INVESTIMENTOS;12400;;OUTRAS ENTIDADES - BDMG;"38941920,00"
2027;3;1220;SECRETARIA DE ESTADO DE DESENVOLVIMENTO ECONÔMICO;5201;BANCO DE DESENVOLVIMENTO DE MINAS GERAIS S.A;BDMG;23;694;107;FINANCIAMENTO À SUSTENTABILIDADE E ÀS MICRO E PEQUENAS EMPRESAS DO ESTADO DE MINAS GERAIS ENTRE BDMG E BANCO EUROPEU DE ;8004;8;004;FINANCIAMENTO À SUSTENTABILIDADE E ÀS MICRO E PEQUENAS EMPRESAS DO ESTADO DE MINAS GERAIS ENTRE BDMG E BANCO EUROPEU DE INVESTIMENTO (BDMG SUSTENTABILIDADE E MPE);0001;0;Demais Projetos e Atividades;4810;OUTRAS APLICAÇÕES;4810;OUTRAS APLICAÇÕES;12400;;OUTRAS ENTIDADES - BDMG;"825000000,00"
2027;3;1220;SECRETARIA DE ESTADO DE DESENVOLVIMENTO ECONÔMICO;5251;COMPANHIA DE GÁS DE MINAS GERAIS;GASMIG;25;121;133;MINAS GERAÇÃO DE VALOR;3018;3;018;GÁS COMPETITIVO- EXPANSÃO DA REDE DE GÁS NATURAL;0001;0;Demais Projetos e Atividades;4610;IMOBILIZAÇÕES;4613;OBRAS E INSTALAÇÕES;51000;;RECURSOS PRÓPRIOS;"457766318,00"
2027;3;1300;"SECRETARIA DE ESTADO DE INFRAESTRUTURA, MOBILIDADE E PARCERIA";5261;TREM METROPOLITANO DE BELO HORIZONTE S.A;TREM METROPOLITANO;26;783;705;APOIO ÀS POLÍTICAS PÚBLICAS;8011;8;011;MANUTENÇÃO E ADEQUAÇÃO DA INFRA-ESTRUTURA ADMINISTRATIVA E OPERACIONAL - TRANSPORTES METROPOLITANOS;0001;0;Demais Projetos e Atividades;4510;PARTICIPAÇÃO SOCIETÁRIA;4511;SOCIEDADES CONTROLADAS;11101;;TESOURO ORDINÁRIO - APLICAÇÃO LIVRE;"1000,00"
2027;3;1220;SECRETARIA DE ESTADO DE DESENVOLVIMENTO ECONÔMICO;5381;MINAS GERAIS ADMINISTRAÇÃO E SERVIÇOS S.A;MGS;4;122;57;SOLUÇÕES EM SERVIÇOS DE APOIO TÉCNICO-OPERACIONAL;8002;8;002;INVESTIMENTOS EM ATIVO FIXO PARA PRESTAÇÃO DE SERVIÇO;0001;0;Demais Projetos e Atividades;4610;IMOBILIZAÇÕES;4614;"MÁQUINAS, APARELHOS E EQUIPAMENTOS";51000;;RECURSOS PRÓPRIOS;"12650330,00"
2027;3;1220;SECRETARIA DE ESTADO DE DESENVOLVIMENTO ECONÔMICO;5381;MINAS GERAIS ADMINISTRAÇÃO E SERVIÇOS S.A;MGS;4;122;57;SOLUÇÕES EM SERVIÇOS DE APOIO TÉCNICO-OPERACIONAL;8002;8;002;INVESTIMENTOS EM ATIVO FIXO PARA PRESTAÇÃO DE SERVIÇO;0001;0;Demais Projetos e Atividades;4610;IMOBILIZAÇÕES;4615;MÓVEIS E UTENSÍLIOS;51000;;RECURSOS PRÓPRIOS;"524600,00"
2027;3;1220;SECRETARIA DE ESTADO DE DESENVOLVIMENTO ECONÔMICO;5381;MINAS GERAIS ADMINISTRAÇÃO E SERVIÇOS S.A;MGS;4;122;57;SOLUÇÕES EM SERVIÇOS DE APOIO TÉCNICO-OPERACIONAL;8002;8;002;INVESTIMENTOS EM ATIVO FIXO PARA PRESTAÇÃO DE SERVIÇO;0001;0;Demais Projetos e Atividades;4810;OUTRAS APLICAÇÕES;4810;OUTRAS APLICAÇÕES;11101;;TESOURO ORDINÁRIO - APLICAÇÃO LIVRE;"1000,00"
2027;3;1220;SECRETARIA DE ESTADO DE DESENVOLVIMENTO ECONÔMICO;5381;MINAS GERAIS ADMINISTRAÇÃO E SERVIÇOS S.A;MGS;4;122;57;SOLUÇÕES EM SERVIÇOS DE APOIO TÉCNICO-OPERACIONAL;8002;8;002;INVESTIMENTOS EM ATIVO FIXO PARA PRESTAÇÃO DE SERVIÇO;0001;0;Demais Projetos e Atividades;4810;OUTRAS APLICAÇÕES;4817;EQUIPAMENTOS E SOFTWARE;51000;;RECURSOS PRÓPRIOS;"4842500,00"
2027;3;1220;SECRETARIA DE ESTADO DE DESENVOLVIMENTO ECONÔMICO;5391;CEMIG GERAÇÃO E TRANSMISSÃO S.A;CEMIG GERAÇÃO E TRANSMISSÃO;25;752;92;TRANSMISSÃO DE ENERGIA ELÉTRICA;3004;3;004;EXPANSÃO DO SISTEMA DE TRANSMISSÃO;0001;0;Demais Projetos e Atividades;4610;IMOBILIZAÇÕES;4613;OBRAS E INSTALAÇÕES;51000;;RECURSOS PRÓPRIOS;"228410975,00"
2027;3;1220;SECRETARIA DE ESTADO DE DESENVOLVIMENTO ECONÔMICO;5391;CEMIG GERAÇÃO E TRANSMISSÃO S.A;CEMIG GERAÇÃO E TRANSMISSÃO;25;752;92;TRANSMISSÃO DE ENERGIA ELÉTRICA;3005;3;005;REFORMAS DE SUBESTAÇÕES E LINHAS DE TRANSMISSÃO ;0001;0;Demais Projetos e Atividades;4610;IMOBILIZAÇÕES;4613;OBRAS E INSTALAÇÕES;51000;;RECURSOS PRÓPRIOS;"426883823,00"
2027;3;1220;SECRETARIA DE ESTADO DE DESENVOLVIMENTO ECONÔMICO;5391;CEMIG GERAÇÃO E TRANSMISSÃO S.A;CEMIG GERAÇÃO E TRANSMISSÃO;25;752;92;TRANSMISSÃO DE ENERGIA ELÉTRICA;3006;3;006;MANUTENÇÃO DA INFRAESTRUTURA DA TRANSMISSÃO;0001;0;Demais Projetos e Atividades;4610;IMOBILIZAÇÕES;4614;"MÁQUINAS, APARELHOS E EQUIPAMENTOS";51000;;RECURSOS PRÓPRIOS;"32235731,00"
2027;3;1220;SECRETARIA DE ESTADO DE DESENVOLVIMENTO ECONÔMICO;5391;CEMIG GERAÇÃO E TRANSMISSÃO S.A;CEMIG GERAÇÃO E TRANSMISSÃO;25;752;92;TRANSMISSÃO DE ENERGIA ELÉTRICA;3009;3;009;INVESTIMENTOS PARTICIPAÇÕES SOCIETÁRIAS DA TRANSMISSÃO ;0001;0;Demais Projetos e Atividades;4610;IMOBILIZAÇÕES;4614;"MÁQUINAS, APARELHOS E EQUIPAMENTOS";51000;;RECURSOS PRÓPRIOS;"56493213,00"
2027;3;1220;SECRETARIA DE ESTADO DE DESENVOLVIMENTO ECONÔMICO;5391;CEMIG GERAÇÃO E TRANSMISSÃO S.A;CEMIG GERAÇÃO E TRANSMISSÃO;25;752;94;GERAÇÃO DE ENERGIA ELÉTRICA ;3001;3;001;EXPANSÃO DO SISTEMA DE GERAÇÃO;0001;0;Demais Projetos e Atividades;4610;IMOBILIZAÇÕES;4613;OBRAS E INSTALAÇÕES;51000;;RECURSOS PRÓPRIOS;"1000,00"
2027;3;1220;SECRETARIA DE ESTADO DE DESENVOLVIMENTO ECONÔMICO;5391;CEMIG GERAÇÃO E TRANSMISSÃO S.A;CEMIG GERAÇÃO E TRANSMISSÃO;25;752;94;GERAÇÃO DE ENERGIA ELÉTRICA ;3007;3;007;" REFORMAS, MELHORIAS E AMPLIAÇÕES DE USINAS";0001;0;Demais Projetos e Atividades;4610;IMOBILIZAÇÕES;4614;"MÁQUINAS, APARELHOS E EQUIPAMENTOS";51000;;RECURSOS PRÓPRIOS;"121588957,00"
2027;3;1220;SECRETARIA DE ESTADO DE DESENVOLVIMENTO ECONÔMICO;5391;CEMIG GERAÇÃO E TRANSMISSÃO S.A;CEMIG GERAÇÃO E TRANSMISSÃO;25;752;94;GERAÇÃO DE ENERGIA ELÉTRICA ;3008;3;008;MANUTENÇÃO DA INFRAESTRUTURA DA GERAÇÃO;0001;0;Demais Projetos e Atividades;4610;IMOBILIZAÇÕES;4614;"MÁQUINAS, APARELHOS E EQUIPAMENTOS";51000;;RECURSOS PRÓPRIOS;"28627843,00"
2027;3;1220;SECRETARIA DE ESTADO DE DESENVOLVIMENTO ECONÔMICO;5391;CEMIG GERAÇÃO E TRANSMISSÃO S.A;CEMIG GERAÇÃO E TRANSMISSÃO;25;752;94;GERAÇÃO DE ENERGIA ELÉTRICA ;3014;3;014;INVESTIMENTOS EM PARTICIPAÇÕES SOCIETÁRIAS DA GERAÇÃO;0001;0;Demais Projetos e Atividades;4610;IMOBILIZAÇÕES;4614;"MÁQUINAS, APARELHOS E EQUIPAMENTOS";51000;;RECURSOS PRÓPRIOS;"1080197578,00"
2027;3;1220;SECRETARIA DE ESTADO DE DESENVOLVIMENTO ECONÔMICO;5401;CEMIG DISTRIBUIÇÃO S.A;CEMIG DISTRIBUIDORA;25;752;72;DISTRIBUIÇÃO DE ENERGIA ELÉTRICA;3002;3;002;EXECUÇÃO DO PLANO DE DESENVOLVIMENTO DA DISTRIBUIDORA (PDD) ;0001;0;Demais Projetos e Atividades;4610;IMOBILIZAÇÕES;4614;"MÁQUINAS, APARELHOS E EQUIPAMENTOS";51000;;RECURSOS PRÓPRIOS;"5320034427,00"
2027;3;1220;SECRETARIA DE ESTADO DE DESENVOLVIMENTO ECONÔMICO;5401;CEMIG DISTRIBUIÇÃO S.A;CEMIG DISTRIBUIDORA;25;752;72;DISTRIBUIÇÃO DE ENERGIA ELÉTRICA;3003;3;003;MANUTENÇÃO DA INFRAESTRUTURA DA DISTRIBUIÇÃO ;0001;0;Demais Projetos e Atividades;4610;IMOBILIZAÇÕES;4614;"MÁQUINAS, APARELHOS E EQUIPAMENTOS";51000;;RECURSOS PRÓPRIOS;"250370467,00"
