Ano de referência da informação;Código da Unidade Orçamentária;Sigla da Unidade Orçamentária;Classificação vinculada à categoria de pessoal;Categoria de pessoa;Quantidade informada para a categoria
2027;2071;FAPEMIG;PESSOAL ATIVO;DIREÇÃO SUPERIOR;3
2027;2071;FAPEMIG;PESSOAL ATIVO;DIREÇÃO E ASSESSORAMENTO;10
2027;2071;FAPEMIG;PESSOAL ATIVO;ADMINISTRATIVA;48
2027;1511;PCMG;PESSOAL ATIVO;DIREÇÃO SUPERIOR;1
2027;2071;FAPEMIG;PESSOAL INATIVO;INATIVO CIVIL;14
2027;1511;PCMG;PESSOAL ATIVO;DIREÇÃO E ASSESSORAMENTO;15
2027;1511;PCMG;PESSOAL ATIVO;NATUREZA ESPECIAL;8
2027;1511;PCMG;PESSOAL ATIVO;ADMINISTRATIVA;1029
2027;1511;PCMG;PESSOAL ATIVO;OUTRAS;10048
2027;1511;PCMG;PESSOAL INATIVO;INATIVO CIVIL;7354
2027;4291;FES;PESSOAL ATIVO;DIREÇÃO SUPERIOR;7
2027;4291;FES;PESSOAL ATIVO;DIREÇÃO E ASSESSORAMENTO;410
2027;4291;FES;PESSOAL ATIVO;TÉCNICA;529
2027;4291;FES;PESSOAL ATIVO;ESPECIALIZADA;1446
2027;4291;FES;PESSOAL ATIVO;ADMINISTRATIVA;409
2027;4291;FES;PESSOAL ATIVO;OUTRAS;427
2027;4291;FES;MÃO DE OBRA TEMPORÁRIA;TERCEIRIZADO;1991
2027;4291;FES;PESSOAL INATIVO;INATIVO CIVIL;8285
2027;1441;DEF PUB;PESSOAL ATIVO;DIREÇÃO SUPERIOR;6
2027;1441;DEF PUB;PESSOAL ATIVO;DIREÇÃO E ASSESSORAMENTO;114
2027;1441;DEF PUB;PESSOAL ATIVO;TÉCNICA;1034
2027;1441;DEF PUB;PESSOAL ATIVO;ESPECIALIZADA;86
2027;1441;DEF PUB;PESSOAL ATIVO;ADMINISTRATIVA;6
2027;1441;DEF PUB;PESSOAL INATIVO;INATIVO CIVIL;391
2027;1631;SEC. GERAL;PESSOAL ATIVO;DIREÇÃO SUPERIOR;2
2027;1631;SEC. GERAL;PESSOAL ATIVO;DIREÇÃO E ASSESSORAMENTO;42
2027;1631;SEC. GERAL;PESSOAL ATIVO;ESPECIALIZADA;12
2027;1631;SEC. GERAL;PESSOAL ATIVO;ADMINISTRATIVA;7
2027;1631;SEC. GERAL;PESSOAL ATIVO;MEMBROS DE PODER;2
2027;2321;HEMOMINAS;PESSOAL ATIVO;DIREÇÃO SUPERIOR;1
2027;2321;HEMOMINAS;PESSOAL ATIVO;DIREÇÃO E ASSESSORAMENTO;222
2027;2321;HEMOMINAS;PESSOAL ATIVO;TÉCNICA;654
2027;2321;HEMOMINAS;PESSOAL ATIVO;ESPECIALIZADA;337
2027;2321;HEMOMINAS;PESSOAL ATIVO;ADMINISTRATIVA;63
2027;2321;HEMOMINAS;PESSOAL ATIVO;OUTRAS;290
2027;2321;HEMOMINAS;PESSOAL INATIVO;INATIVO CIVIL;243
2027;3041;EMATER;PESSOAL ATIVO;ADMINISTRATIVA;314
2027;2181;FCS;PESSOAL ATIVO;DIREÇÃO SUPERIOR;1
2027;2181;FCS;PESSOAL ATIVO;DIREÇÃO E ASSESSORAMENTO;45
2027;2181;FCS;PESSOAL ATIVO;ESPECIALIZADA;88
2027;2181;FCS;PESSOAL ATIVO;DOCENTE;76
2027;2181;FCS;PESSOAL ATIVO;ADMINISTRATIVA;54
2027;2181;FCS;PESSOAL INATIVO;INATIVO CIVIL;137
2027;2441;ARSAE -MG;PESSOAL ATIVO;DIREÇÃO SUPERIOR;3
2027;2441;ARSAE -MG;PESSOAL ATIVO;DIREÇÃO E ASSESSORAMENTO;46
2027;2441;ARSAE -MG;PESSOAL ATIVO;ESPECIALIZADA;26
2027;2041;LEMG;PESSOAL ATIVO;DIREÇÃO SUPERIOR;2
2027;2041;LEMG;PESSOAL ATIVO;DIREÇÃO E ASSESSORAMENTO;7
2027;2041;LEMG;PESSOAL ATIVO;ADMINISTRATIVA;8
2027;2041;LEMG;MÃO DE OBRA TEMPORÁRIA;TERCEIRIZADO;1
2027;2041;LEMG;PESSOAL INATIVO;INATIVO CIVIL;48
2027;2361;IPLEMG;PESSOAL ATIVO;DIREÇÃO SUPERIOR;6
2027;2361;IPLEMG;PESSOAL ATIVO;DIREÇÃO E ASSESSORAMENTO;1
2027;2361;IPLEMG;PESSOAL ATIVO;TÉCNICA;4
2027;2361;IPLEMG;PESSOAL ATIVO;ADMINISTRATIVA;11
2027;2361;IPLEMG;MÃO DE OBRA TEMPORÁRIA;TERCEIRIZADO;6
2027;1491;SEGOV;PESSOAL ATIVO;DIREÇÃO SUPERIOR;7
2027;1491;SEGOV;PESSOAL ATIVO;DIREÇÃO E ASSESSORAMENTO;225
2027;1491;SEGOV;PESSOAL ATIVO;TÉCNICA;41
2027;1491;SEGOV;PESSOAL ATIVO;ESPECIALIZADA;56
2027;1491;SEGOV;PESSOAL ATIVO;ADMINISTRATIVA;53
2027;1491;SEGOV;PESSOAL INATIVO;INATIVO CIVIL;1028
2027;2301;DER-MG;PESSOAL ATIVO;DIREÇÃO SUPERIOR;2
2027;2301;DER-MG;PESSOAL ATIVO;DIREÇÃO E ASSESSORAMENTO;197
2027;2301;DER-MG;PESSOAL ATIVO;TÉCNICA;233
2027;2301;DER-MG;PESSOAL ATIVO;ESPECIALIZADA;169
2027;2301;DER-MG;PESSOAL ATIVO;ADMINISTRATIVA;368
2027;1071;GABINETE MILITAR;PESSOAL ATIVO;DIREÇÃO E ASSESSORAMENTO;60
2027;2301;DER-MG;PESSOAL INATIVO;INATIVO CIVIL;5160
2027;2121;IPSM;PESSOAL ATIVO;DIREÇÃO SUPERIOR;4
2027;2121;IPSM;PESSOAL ATIVO;DIREÇÃO E ASSESSORAMENTO;36
2027;2121;IPSM;PESSOAL ATIVO;ESPECIALIZADA;43
2027;2121;IPSM;PESSOAL ATIVO;ADMINISTRATIVA;79
2027;1071;GABINETE MILITAR;PESSOAL ATIVO;NATUREZA ESPECIAL;25
2027;2121;IPSM;PESSOAL INATIVO;INATIVO CIVIL;59
2027;1071;GABINETE MILITAR;PESSOAL INATIVO;INATIVO CIVIL;27
2027;2311;UNIMONTES;PESSOAL ATIVO;DIREÇÃO SUPERIOR;2
2027;2311;UNIMONTES;PESSOAL ATIVO;DIREÇÃO E ASSESSORAMENTO;63
2027;2311;UNIMONTES;PESSOAL ATIVO;TÉCNICA;1020
2027;2311;UNIMONTES;PESSOAL ATIVO;ESPECIALIZADA;379
2027;2311;UNIMONTES;PESSOAL ATIVO;DOCENTE;1113
2027;2311;UNIMONTES;PESSOAL INATIVO;INATIVO CIVIL;538
2027;2281;UTRAMIG;PESSOAL ATIVO;ADMINISTRATIVA;15
2027;2281;UTRAMIG;PESSOAL INATIVO;INATIVO CIVIL;22
2027;1051;TJMMG;PESSOAL ATIVO;DIREÇÃO SUPERIOR;10
2027;1051;TJMMG;PESSOAL ATIVO;DIREÇÃO E ASSESSORAMENTO;68
2027;1051;TJMMG;PESSOAL ATIVO;TÉCNICA;68
2027;1051;TJMMG;PESSOAL ATIVO;ESPECIALIZADA;18
2027;1051;TJMMG;PESSOAL ATIVO;OUTRAS;40
2027;1051;TJMMG;PESSOAL ATIVO;MEMBROS DE PODER;17
2027;1051;TJMMG;PESSOAL INATIVO;INATIVO CIVIL;70
2027;1051;TJMMG;PESSOAL INATIVO;INATIVO MILITAR;9
2027;1031;TJMG;PESSOAL ATIVO;DIREÇÃO SUPERIOR;5
2027;1031;TJMG;PESSOAL ATIVO;DIREÇÃO E ASSESSORAMENTO;3781
2027;1031;TJMG;PESSOAL ATIVO;TÉCNICA;107
2027;1031;TJMG;PESSOAL ATIVO;ESPECIALIZADA;1258
2027;1031;TJMG;PESSOAL ATIVO;ADMINISTRATIVA;8398
2027;1031;TJMG;PESSOAL ATIVO;MEMBROS DE PODER;1085
2027;1031;TJMG;PESSOAL INATIVO;INATIVO CIVIL;6858
2027;2211;TV MINAS;PESSOAL ATIVO;DIREÇÃO E ASSESSORAMENTO;4
2027;2211;TV MINAS;PESSOAL ATIVO;TÉCNICA;28
2027;2211;TV MINAS;PESSOAL ATIVO;ESPECIALIZADA;65
2027;2211;TV MINAS;PESSOAL ATIVO;ADMINISTRATIVA;5
2027;3151;EMC;PESSOAL ATIVO;DIREÇÃO SUPERIOR;1
2027;3151;EMC;PESSOAL ATIVO;DIREÇÃO E ASSESSORAMENTO;70
2027;3151;EMC;PESSOAL ATIVO;TÉCNICA;38
2027;3151;EMC;PESSOAL ATIVO;ESPECIALIZADA;14
2027;3151;EMC;PESSOAL ATIVO;ADMINISTRATIVA;17
2027;3151;EMC;PESSOAL ATIVO;OUTRAS;76
2027;2461;ARMVA;PESSOAL ATIVO;DIREÇÃO SUPERIOR;1
2027;2461;ARMVA;PESSOAL ATIVO;DIREÇÃO E ASSESSORAMENTO;14
2027;2011;IPSEMG;PESSOAL ATIVO;DIREÇÃO SUPERIOR;2
2027;2011;IPSEMG;PESSOAL ATIVO;DIREÇÃO E ASSESSORAMENTO;64
2027;2011;IPSEMG;PESSOAL ATIVO;TÉCNICA;581
2027;2011;IPSEMG;PESSOAL ATIVO;ESPECIALIZADA;988
2027;2011;IPSEMG;PESSOAL ATIVO;ADMINISTRATIVA;749
2027;1451;SEJUSP;PESSOAL ATIVO;DIREÇÃO SUPERIOR;9
2027;2011;IPSEMG;PESSOAL INATIVO;INATIVO CIVIL;3342
2027;1451;SEJUSP;PESSOAL ATIVO;DIREÇÃO E ASSESSORAMENTO;293
2027;1451;SEJUSP;PESSOAL ATIVO;NATUREZA ESPECIAL;2
2027;1451;SEJUSP;PESSOAL ATIVO;TÉCNICA;17738
2027;1451;SEJUSP;PESSOAL ATIVO;ESPECIALIZADA;1138
2027;1451;SEJUSP;PESSOAL ATIVO;ADMINISTRATIVA;845
2027;1451;SEJUSP;MÃO DE OBRA TEMPORÁRIA;TERCEIRIZADO;160
2027;1451;SEJUSP;PESSOAL INATIVO;INATIVO CIVIL;895
2027;1721;SCC;PESSOAL ATIVO;DIREÇÃO SUPERIOR;3
2027;1721;SCC;PESSOAL ATIVO;DIREÇÃO E ASSESSORAMENTO;17
2027;1721;SCC;PESSOAL ATIVO;ESPECIALIZADA;6
2027;1081;AGE;PESSOAL ATIVO;DIREÇÃO SUPERIOR;3
2027;1081;AGE;PESSOAL ATIVO;DIREÇÃO E ASSESSORAMENTO;51
2027;1081;AGE;PESSOAL ATIVO;ESPECIALIZADA;445
2027;1081;AGE;PESSOAL ATIVO;ADMINISTRATIVA;325
2027;1081;AGE;PESSOAL INATIVO;INATIVO CIVIL;203
2027;1371;SEMAD;PESSOAL ATIVO;DIREÇÃO SUPERIOR;10
2027;1371;SEMAD;PESSOAL ATIVO;DIREÇÃO E ASSESSORAMENTO;83
2027;1371;SEMAD;PESSOAL ATIVO;TÉCNICA;100
2027;1371;SEMAD;PESSOAL ATIVO;ESPECIALIZADA;283
2027;1371;SEMAD;PESSOAL INATIVO;INATIVO CIVIL;15
2027;1481;SEDESE;PESSOAL ATIVO;DIREÇÃO SUPERIOR;10
2027;1481;SEDESE;PESSOAL ATIVO;DIREÇÃO E ASSESSORAMENTO;290
2027;1481;SEDESE;PESSOAL ATIVO;TÉCNICA;121
2027;1481;SEDESE;PESSOAL ATIVO;ESPECIALIZADA;124
2027;1481;SEDESE;PESSOAL ATIVO;DOCENTE;3
2027;1481;SEDESE;PESSOAL ATIVO;ADMINISTRATIVA;131
2027;1481;SEDESE;MÃO DE OBRA TEMPORÁRIA;TERCEIRIZADO;167
2027;1481;SEDESE;PESSOAL INATIVO;INATIVO CIVIL;1144
2027;2351;UEMG;PESSOAL INATIVO;INATIVO CIVIL;315
2027;1501;SEPLAG;PESSOAL ATIVO;DIREÇÃO SUPERIOR;11
2027;1501;SEPLAG;PESSOAL ATIVO;DIREÇÃO E ASSESSORAMENTO;663
2027;1501;SEPLAG;PESSOAL ATIVO;ESPECIALIZADA;313
2027;1501;SEPLAG;PESSOAL ATIVO;ADMINISTRATIVA;133
2027;1501;SEPLAG;PESSOAL INATIVO;INATIVO CIVIL;1529
2027;2241;IGAM;PESSOAL ATIVO;DIREÇÃO SUPERIOR;1
2027;2241;IGAM;PESSOAL ATIVO;DIREÇÃO E ASSESSORAMENTO;29
2027;2241;IGAM;PESSOAL ATIVO;TÉCNICA;43
2027;2241;IGAM;PESSOAL ATIVO;ESPECIALIZADA;99
2027;2241;IGAM;PESSOAL INATIVO;INATIVO CIVIL;51
2027;2481;DETRANMG;PESSOAL ATIVO;DIREÇÃO SUPERIOR;1
2027;2481;DETRANMG;PESSOAL ATIVO;DIREÇÃO E ASSESSORAMENTO;32
2027;1251;PMMG;PESSOAL ATIVO;DIREÇÃO SUPERIOR;3
2027;1251;PMMG;PESSOAL ATIVO;DIREÇÃO E ASSESSORAMENTO;258
2027;1251;PMMG;PESSOAL ATIVO;NATUREZA ESPECIAL;1
2027;1251;PMMG;PESSOAL ATIVO;ESPECIALIZADA;243
2027;1251;PMMG;PESSOAL ATIVO;DOCENTE;2855
2027;1251;PMMG;PESSOAL ATIVO;ADMINISTRATIVA;1828
2027;1251;PMMG;PESSOAL ATIVO;OFICIAL;3483
2027;1251;PMMG;PESSOAL ATIVO;PRAÇA;34165
2027;1251;PMMG;PESSOAL INATIVO;INATIVO CIVIL;874
2027;1251;PMMG;PESSOAL INATIVO;INATIVO MILITAR;38749
2027;2331;IPEMMG;PESSOAL ATIVO;DIREÇÃO SUPERIOR;3
2027;2331;IPEMMG;PESSOAL ATIVO;DIREÇÃO E ASSESSORAMENTO;22
2027;2331;IPEMMG;PESSOAL ATIVO;TÉCNICA;83
2027;2331;IPEMMG;PESSOAL ATIVO;ADMINISTRATIVA;13
2027;1521;CGE;PESSOAL ATIVO;TÉCNICA;22
2027;2331;IPEMMG;PESSOAL INATIVO;INATIVO CIVIL;151
2027;2201;IEPHA;PESSOAL ATIVO;DIREÇÃO SUPERIOR;1
2027;2201;IEPHA;PESSOAL ATIVO;DIREÇÃO E ASSESSORAMENTO;22
2027;2201;IEPHA;PESSOAL ATIVO;TÉCNICA;21
2027;2201;IEPHA;PESSOAL ATIVO;ESPECIALIZADA;45
2027;2201;IEPHA;PESSOAL ATIVO;ADMINISTRATIVA;1
2027;1521;CGE;PESSOAL ATIVO;ESPECIALIZADA;135
2027;2201;IEPHA;PESSOAL INATIVO;INATIVO CIVIL;65
2027;1401;CBMMG;PESSOAL ATIVO;DIREÇÃO SUPERIOR;2
2027;1401;CBMMG;PESSOAL ATIVO;DIREÇÃO E ASSESSORAMENTO;22
2027;1401;CBMMG;PESSOAL ATIVO;OFICIAL;794
2027;1401;CBMMG;PESSOAL ATIVO;PRAÇA;5154
2027;1401;CBMMG;PESSOAL INATIVO;INATIVO MILITAR;3190
2027;1521;CGE;PESSOAL ATIVO;DIREÇÃO SUPERIOR;2
2027;1521;CGE;PESSOAL ATIVO;DIREÇÃO E ASSESSORAMENTO;41
2027;1521;CGE;MÃO DE OBRA TEMPORÁRIA;TERCEIRIZADO;10
2027;1521;CGE;PESSOAL INATIVO;INATIVO CIVIL;19
2027;1191;SEF;PESSOAL ATIVO;DIREÇÃO SUPERIOR;5
2027;1191;SEF;PESSOAL ATIVO;DIREÇÃO E ASSESSORAMENTO;769
2027;1191;SEF;PESSOAL ATIVO;ESPECIALIZADA;1440
2027;1191;SEF;PESSOAL ATIVO;ADMINISTRATIVA;533
2027;1191;SEF;PESSOAL INATIVO;INATIVO CIVIL;4251
2027;1231;SEAPA;PESSOAL ATIVO;DIREÇÃO SUPERIOR;5
2027;1231;SEAPA;PESSOAL ATIVO;DIREÇÃO E ASSESSORAMENTO;117
2027;1231;SEAPA;PESSOAL ATIVO;TÉCNICA;17
2027;1231;SEAPA;PESSOAL ATIVO;ESPECIALIZADA;17
2027;1231;SEAPA;PESSOAL ATIVO;ADMINISTRATIVA;31
2027;1231;SEAPA;PESSOAL INATIVO;INATIVO CIVIL;317
2027;3051;EPAMIG;PESSOAL ATIVO;TÉCNICA;43
2027;3051;EPAMIG;PESSOAL ATIVO;ESPECIALIZADA;295
2027;3051;EPAMIG;PESSOAL ATIVO;ADMINISTRATIVA;120
2027;3051;EPAMIG;PESSOAL ATIVO;OUTRAS;175
2027;1301;SEINFRA;PESSOAL ATIVO;DIREÇÃO SUPERIOR;7
2027;1301;SEINFRA;PESSOAL ATIVO;DIREÇÃO E ASSESSORAMENTO;45
2027;1301;SEINFRA;PESSOAL ATIVO;ESPECIALIZADA;121
2027;1301;SEINFRA;PESSOAL ATIVO;ADMINISTRATIVA;85
2027;1301;SEINFRA;PESSOAL INATIVO;INATIVO CIVIL;71
2027;2251;JUCEMG;PESSOAL ATIVO;DIREÇÃO SUPERIOR;3
2027;2251;JUCEMG;PESSOAL ATIVO;DIREÇÃO E ASSESSORAMENTO;27
2027;2251;JUCEMG;PESSOAL ATIVO;TÉCNICA;94
2027;2251;JUCEMG;PESSOAL ATIVO;ESPECIALIZADA;25
2027;2251;JUCEMG;PESSOAL ATIVO;ADMINISTRATIVA;12
2027;2251;JUCEMG;PESSOAL ATIVO;OUTRAS;36
2027;2251;JUCEMG;PESSOAL INATIVO;INATIVO CIVIL;124
2027;2281;UTRAMIG;PESSOAL ATIVO;DIREÇÃO E ASSESSORAMENTO;10
2027;2281;UTRAMIG;PESSOAL ATIVO;TÉCNICA;7
2027;2371;IMA;PESSOAL ATIVO;DIREÇÃO SUPERIOR;4
2027;2371;IMA;PESSOAL ATIVO;DIREÇÃO E ASSESSORAMENTO;38
2027;2371;IMA;PESSOAL ATIVO;TÉCNICA;898
2027;2371;IMA;PESSOAL ATIVO;ESPECIALIZADA;11
2027;2371;IMA;PESSOAL ATIVO;ADMINISTRATIVA;343
2027;2371;IMA;PESSOAL INATIVO;INATIVO CIVIL;595
2027;2371;IMA;MÃO DE OBRA TEMPORÁRIA;TERCEIRIZADO;48
2027;2261;FUNED;PESSOAL ATIVO;DIREÇÃO SUPERIOR;1
2027;2261;FUNED;PESSOAL ATIVO;DIREÇÃO E ASSESSORAMENTO;26
2027;2261;FUNED;PESSOAL ATIVO;TÉCNICA;224
2027;2261;FUNED;PESSOAL ATIVO;ESPECIALIZADA;282
2027;2261;FUNED;PESSOAL ATIVO;ADMINISTRATIVA;183
2027;2261;FUNED;PESSOAL INATIVO;INATIVO CIVIL;276
2027;1091;PGJ;PESSOAL ATIVO;DIREÇÃO SUPERIOR;8
2027;1091;PGJ;PESSOAL ATIVO;DIREÇÃO E ASSESSORAMENTO;946
2027;1091;PGJ;PESSOAL ATIVO;ESPECIALIZADA;1350
2027;1091;PGJ;PESSOAL ATIVO;ADMINISTRATIVA;1351
2027;1091;PGJ;PESSOAL ATIVO;MEMBROS DE PODER;1138
2027;1711;SECOM;PESSOAL ATIVO;ESPECIALIZADA;1
2027;1091;PGJ;PESSOAL INATIVO;INATIVO CIVIL;829
2027;1011;ALMG;PESSOAL ATIVO;DIREÇÃO SUPERIOR;33
2027;1011;ALMG;PESSOAL ATIVO;DIREÇÃO E ASSESSORAMENTO;75
2027;1011;ALMG;PESSOAL ATIVO;TÉCNICA;364
2027;1011;ALMG;PESSOAL ATIVO;ESPECIALIZADA;534
2027;1011;ALMG;PESSOAL ATIVO;ADMINISTRATIVA;2500
2027;1011;ALMG;PESSOAL ATIVO;OUTRAS;24
2027;1011;ALMG;PESSOAL ATIVO;MEMBROS DE PODER;77
2027;1011;ALMG;PESSOAL INATIVO;INATIVO CIVIL;1251
2027;1711;SECOM;PESSOAL ATIVO;DIREÇÃO SUPERIOR;2
2027;1711;SECOM;PESSOAL ATIVO;DIREÇÃO E ASSESSORAMENTO;91
2027;1711;SECOM;PESSOAL ATIVO;ADMINISTRATIVA;2
2027;2431;AGÊNCIA RMBH;PESSOAL ATIVO;DIREÇÃO SUPERIOR;1
2027;2431;AGÊNCIA RMBH;PESSOAL ATIVO;DIREÇÃO E ASSESSORAMENTO;9
2027;2431;AGÊNCIA RMBH;PESSOAL ATIVO;ADMINISTRATIVA;23
2027;1221;SEDE;PESSOAL ATIVO;DIREÇÃO SUPERIOR;8
2027;1221;SEDE;PESSOAL ATIVO;DIREÇÃO E ASSESSORAMENTO;53
2027;1221;SEDE;PESSOAL ATIVO;ADMINISTRATIVA;131
2027;1221;SEDE;MÃO DE OBRA TEMPORÁRIA;TERCEIRIZADO;2
2027;1221;SEDE;PESSOAL INATIVO;INATIVO CIVIL;398
2027;2091;FEAM;PESSOAL ATIVO;DIREÇÃO SUPERIOR;1
2027;2091;FEAM;PESSOAL ATIVO;DIREÇÃO E ASSESSORAMENTO;78
2027;2091;FEAM;PESSOAL ATIVO;TÉCNICA;54
2027;2091;FEAM;PESSOAL ATIVO;ESPECIALIZADA;286
2027;2091;FEAM;PESSOAL INATIVO;INATIVO CIVIL;95
2027;2271;FHEMIG;PESSOAL ATIVO;DIREÇÃO SUPERIOR;2
2027;2271;FHEMIG;PESSOAL ATIVO;DIREÇÃO E ASSESSORAMENTO;613
2027;2271;FHEMIG;PESSOAL ATIVO;TÉCNICA;5712
2027;2271;FHEMIG;PESSOAL ATIVO;ESPECIALIZADA;4354
2027;2271;FHEMIG;PESSOAL ATIVO;ADMINISTRATIVA;1146
2027;2271;FHEMIG;PESSOAL ATIVO;OUTRAS;844
2027;2271;FHEMIG;PESSOAL INATIVO;INATIVO CIVIL;4085
2027;2061;FJP;PESSOAL ATIVO;DIREÇÃO SUPERIOR;2
2027;2061;FJP;PESSOAL ATIVO;DIREÇÃO E ASSESSORAMENTO;61
2027;2061;FJP;PESSOAL ATIVO;TÉCNICA;36
2027;2061;FJP;PESSOAL ATIVO;ESPECIALIZADA;147
2027;2061;FJP;PESSOAL ATIVO;ADMINISTRATIVA;3
2027;2061;FJP;PESSOAL ATIVO;MEMBROS DE PODER;1
2027;2061;FJP;PESSOAL INATIVO;INATIVO CIVIL;283
2027;3041;EMATER;PESSOAL ATIVO;DIREÇÃO SUPERIOR;3
2027;3041;EMATER;PESSOAL ATIVO;DIREÇÃO E ASSESSORAMENTO;4
2027;3041;EMATER;PESSOAL ATIVO;TÉCNICA;513
2027;3041;EMATER;PESSOAL ATIVO;ESPECIALIZADA;863
2027;2481;DETRANMG;PESSOAL ATIVO;ESPECIALIZADA;149
2027;2481;DETRANMG;PESSOAL ATIVO;ADMINISTRATIVA;38
2027;2101;IEF;PESSOAL ATIVO;DIREÇÃO SUPERIOR;1
2027;2101;IEF;PESSOAL ATIVO;DIREÇÃO E ASSESSORAMENTO;217
2027;2101;IEF;PESSOAL ATIVO;TÉCNICA;227
2027;2101;IEF;PESSOAL ATIVO;ESPECIALIZADA;296
2027;2101;IEF;MÃO DE OBRA TEMPORÁRIA;TERCEIRIZADO;10
2027;2101;IEF;PESSOAL INATIVO;INATIVO CIVIL;411
2027;1021;TCEMG;PESSOAL ATIVO;DIREÇÃO E ASSESSORAMENTO;225
2027;1021;TCEMG;PESSOAL ATIVO;ESPECIALIZADA;825
2027;1021;TCEMG;PESSOAL ATIVO;ADMINISTRATIVA;245
2027;1021;TCEMG;PESSOAL ATIVO;MEMBROS DE PODER;15
2027;1021;TCEMG;PESSOAL INATIVO;INATIVO CIVIL;845
2027;1271;SECULT;PESSOAL ATIVO;DIREÇÃO SUPERIOR;4
2027;1271;SECULT;PESSOAL ATIVO;DIREÇÃO E ASSESSORAMENTO;158
2027;1271;SECULT;PESSOAL ATIVO;TÉCNICA;56
2027;1271;SECULT;PESSOAL ATIVO;ESPECIALIZADA;38
2027;1271;SECULT;PESSOAL ATIVO;OUTRAS;1
2027;1271;SECULT;PESSOAL INATIVO;INATIVO CIVIL;273
2027;2151;FHA;PESSOAL ATIVO;DIREÇÃO SUPERIOR;7
2027;2151;FHA;PESSOAL ATIVO;DIREÇÃO E ASSESSORAMENTO;13
2027;2151;FHA;PESSOAL ATIVO;TÉCNICA;22
2027;2151;FHA;PESSOAL ATIVO;ESPECIALIZADA;48
2027;2151;FHA;PESSOAL ATIVO;DOCENTE;282
2027;2151;FHA;PESSOAL ATIVO;ADMINISTRATIVA;205
2027;2151;FHA;PESSOAL INATIVO;INATIVO CIVIL;53
2027;2471;ARTEMIG;PESSOAL ATIVO;DIREÇÃO SUPERIOR;1
2027;2471;ARTEMIG;PESSOAL ATIVO;DIREÇÃO E ASSESSORAMENTO;18
2027;2471;ARTEMIG;PESSOAL ATIVO;ESPECIALIZADA;17
2027;2471;ARTEMIG;PESSOAL ATIVO;ADMINISTRATIVA;17
2027;1541;ESP MG;PESSOAL ATIVO;DIREÇÃO SUPERIOR;1
2027;1541;ESP MG;PESSOAL ATIVO;DIREÇÃO E ASSESSORAMENTO;13
2027;1541;ESP MG;PESSOAL ATIVO;ESPECIALIZADA;56
2027;1541;ESP MG;PESSOAL ATIVO;ADMINISTRATIVA;12
2027;1541;ESP MG;PESSOAL INATIVO;INATIVO CIVIL;12
2027;2421;IDENE;PESSOAL ATIVO;DIREÇÃO SUPERIOR;1
2027;2421;IDENE;PESSOAL ATIVO;DIREÇÃO E ASSESSORAMENTO;24
2027;2421;IDENE;PESSOAL ATIVO;TÉCNICA;16
2027;2421;IDENE;PESSOAL ATIVO;ESPECIALIZADA;32
2027;2421;IDENE;PESSOAL ATIVO;ADMINISTRATIVA;40
2027;2421;IDENE;PESSOAL INATIVO;INATIVO CIVIL;32
2027;1101;OGE;PESSOAL ATIVO;DIREÇÃO SUPERIOR;3
2027;1101;OGE;PESSOAL ATIVO;DIREÇÃO E ASSESSORAMENTO;21
2027;1101;OGE;PESSOAL ATIVO;ADMINISTRATIVA;68
2027;1101;OGE;PESSOAL INATIVO;INATIVO CIVIL;3
2027;2171;FAOP;PESSOAL ATIVO;DIREÇÃO SUPERIOR;1
2027;2171;FAOP;PESSOAL ATIVO;DIREÇÃO E ASSESSORAMENTO;20
2027;2171;FAOP;PESSOAL ATIVO;DOCENTE;18
2027;2171;FAOP;PESSOAL ATIVO;ADMINISTRATIVA;13
2027;2171;FAOP;PESSOAL INATIVO;INATIVO CIVIL;4
2027;4711;FFP - MG ;PESSOAL INATIVO;INATIVO CIVIL;218722
2027;2161;FUCAM;PESSOAL ATIVO;DIREÇÃO SUPERIOR;3
2027;2161;FUCAM;PESSOAL ATIVO;DIREÇÃO E ASSESSORAMENTO;4
2027;2161;FUCAM;PESSOAL ATIVO;TÉCNICA;25
2027;2161;FUCAM;PESSOAL ATIVO;ADMINISTRATIVA;11
2027;2161;FUCAM;PESSOAL INATIVO;INATIVO CIVIL;82
2027;1261;SEE;PESSOAL ATIVO;DIREÇÃO SUPERIOR;6
2027;1261;SEE;PESSOAL ATIVO;DIREÇÃO E ASSESSORAMENTO;4125
2027;1261;SEE;PESSOAL ATIVO;TÉCNICA;21486
2027;1261;SEE;PESSOAL ATIVO;ESPECIALIZADA;14673
2027;1261;SEE;PESSOAL ATIVO;DOCENTE;155811
2027;1261;SEE;PESSOAL ATIVO;ADMINISTRATIVA;39906
2027;1261;SEE;PESSOAL INATIVO;INATIVO CIVIL;175450
