Programa;Ação;Código da Obra no SIAD;Descrição da Obra;Situação;Alterar Unidade de Medida da Obra?;Unidade de Medida da Obra;Descrição da Unidade de Medida;Quantidade;Obra no SIAD;Código Município;Nome do Município;Código da Região Geográfica Intermediária;Região Geográfica Intermediária;Unidade Orçamentária;Sigla da UO;Função;Subfunção;Subprojeto;IAG;Valor Tesouro;Valor Outros
746;2009;;Projeto de viabilidade de construção de Edifício Garagem e implantação de um novo elevador.;Iniciado;N;;;;N;13;BELO HORIZONTE;3101;Região Intermediária de Belo Horizonte;1021;TCEMG;01;122;0001;0;580000;0
714;1064;;Convênio 053/2022 junto à Prefeitura Municipal de Mariana para construção da sede própria;Iniciado;N;;;;N;999;DIVERSOS MUNICÍPIOS - ESTADUAL;3199;Estadual;1091;PGJ;03;062;0001;0;0;2000000
714;1064;;Convênio a ser firmado com Prefeitura para construção da sede própria.;Iniciado;N;;;;N;999;DIVERSOS MUNICÍPIOS - ESTADUAL;3199;Estadual;1091;PGJ;03;062;0001;0;0;2500000
714;1064;;Convênio 19.16.0258.0144707/2023-66 junto à Prefeitura Municipal de Passos para construção da sede própria.;Iniciado;N;;;;N;999;DIVERSOS MUNICÍPIOS - ESTADUAL;3199;Estadual;1091;PGJ;03;062;0001;0;0;2000000
714;1064;;Sedes Próprias Diversas;Iniciado;N;;;;N;999;DIVERSOS MUNICÍPIOS - ESTADUAL;3199;Estadual;1091;PGJ;03;062;0001;0;19960975;0
135;2060;12876;"Adequação da estrutura física do NAIS/9ª RPM, visando ao atendimento dos requisitos necessários à regularização junto aos órgãos de controle, especialmente à Vigilância Sanitária e à Secretaria de Saúde";Iniciado;S;207;UNIDADE;1;S;488;UBERLÂNDIA;3111;Região Intermediária de Uberlândia;1251;PMMG;10;302;0001;0;0;60000
135;2060;12882;" Projeto elétrico, hidráulico, esgoto, rede, serralheria (prateleiras) e arquitetônico para reforma do CAO/CODONT;
Valor estimado: R$ 197.856,73.";Iniciado;S;207;UNIDADE;1;S;13;BELO HORIZONTE;3101;Região Intermediária de Belo Horizonte;1251;PMMG;10;302;0001;0;0;197857
135;2060;12880;" Projeto de reestruturação dos consultórios de roseta para linha;";Iniciado;S;207;UNIDADE;1;S;13;BELO HORIZONTE;3101;Região Intermediária de Belo Horizonte;1251;PMMG;10;302;0001;0;0;1929103
135;2060;12881;"Execução das obras de reestruturação dos consultórios de roseta para linha;";Iniciado;S;207;UNIDADE;1;S;13;BELO HORIZONTE;3101;Região Intermediária de Belo Horizonte;1251;PMMG;10;302;0001;0;0;1929103
135;2060;12878;"Contratação de elaboração de estudo e projeto para adaptação do NAIS/5GRS, em atendimento às normas de vigilância sanitária para coleta de resíduos sólidos médico-hospitalares e construção de vestiários.";Iniciado;S;207;UNIDADE;1;S;787;GOVERNADOR VALADARES;3104;Região Intermediária de Governador Valadares;1251;PMMG;10;302;0001;0;0;41022
135;2060;12875;"Construlção de local adequado para o armazenamento e descarte de resíduos de serviços de saúde, sendo necessária a adequação da estrutura física para atendimento às exigências dos órgãos de controle e consequente obtenção do alvará sanitário.";Iniciado;S;207;UNIDADE;1;S;49;DIAMANTINA;3103;Região Intermediária de Teófilo Otoni;1251;PMMG;10;302;0001;0;0;100000
168;4519;;"OBRA PARA REFORÇO ESTRUTURAL, REFORMA E AMPLIAÇÃO - EE ABRE CAMPO";Iniciado;S;;;1;N;159;ABRE CAMPO;3106;Região Intermediária de Juíz de Fora;1261;SEE;12;368;0001;1;380000;0
168;4519;;"OBRA DE COMBATE A INCÊNDIO DE TODO O COMPLEXO E ACESSIBILIDADE NO CAMPUS GAMELEIRA - PRÉDIOS A,B,C,D (INCLUNDO MUSEU ESCOLA ANA MARIA CASASANTA PEIXOTO E MUSEU LEOPOLDO CATHOUD) E EE LEON RENAULT";Iniciado;S;;;1;N;13;BELO HORIZONTE;3101;Região Intermediária de Belo Horizonte;1261;SEE;12;368;0001;1;653600;0
168;4519;;"REFORMA GERAL, RESTAURAÇÃO E RECUPERAÇÃO ESTRUTURAL EE GETÚLIO VARGAS";Iniciado;S;;;1;N;13;BELO HORIZONTE;3101;Região Intermediária de Belo Horizonte;1261;SEE;12;368;0001;1;332120;0
168;4519;;OBRA PARA RESTAURAÇÃO DO PRÉDIO EE JOSÉ BONIFÁCIO;Iniciado;S;;;1;N;13;BELO HORIZONTE;3101;Região Intermediária de Belo Horizonte;1261;SEE;12;368;0001;1;1033600;0
168;4519;;PROJETOS EXECUTIVOS PARA REFORMA E RESTAURAÇÃO EE OLEGÁRIO MACIEL;Iniciado;S;;;1;N;13;BELO HORIZONTE;3101;Região Intermediária de Belo Horizonte;1261;SEE;12;368;0001;1;59660;0
168;4519;;OBRA PARA REFORMA E RESTAURAÇÃO EE OLEGÁRIO MACIEL;Iniciado;S;;;1;N;13;BELO HORIZONTE;3101;Região Intermediária de Belo Horizonte;1261;SEE;12;368;0001;1;83600;0
168;4519;;OBRAS DE REFORMA GERAL EE PROF CAETANO AZEREDO;Iniciado;S;;;1;N;13;BELO HORIZONTE;3101;Região Intermediária de Belo Horizonte;1261;SEE;12;368;0001;1;805600;0
168;4519;;"OBRA PARA REGULARIZAÇÃO DO PROCESSO DE SEGURANÇA CONTRA INCÊNDIO E PÂNICO (PSCIP), ADEQUAÇÃO À ACESSIBILIDADE EE PEDRO II";Iniciado;S;;;1;N;13;BELO HORIZONTE;3101;Região Intermediária de Belo Horizonte;1261;SEE;12;368;0001;1;387600;0
168;4519;;OBRA PARA REFORMA E RESTAURAÇÃO (SOLUÇÃO DE PROBLEMAS ESTRUTURAIS) EE SANDOVAL AZEVEDO;Iniciado;S;;;1;N;13;BELO HORIZONTE;3101;Região Intermediária de Belo Horizonte;1261;SEE;12;368;0001;1;251560;0
168;4519;;"OBRA DE REFORMA GERAL/RESTAURAÇÃO (MENOS TELHADO DA CASA MODELO, MURO DE ARRIMO) EE SÃO RAFAEL";Iniciado;S;;;1;N;13;BELO HORIZONTE;3101;Região Intermediária de Belo Horizonte;1261;SEE;12;368;0001;1;2121920;0
168;4519;;OBRA DE REFORMA - ESTRUTURA ESCOLA GUIGNARD UEMG;Iniciado;S;;;1;N;13;BELO HORIZONTE;3101;Região Intermediária de Belo Horizonte;1261;SEE;12;368;0001;1;1929640;0
168;4519;;OBRAS DE REFORMA E RESTAURAÇÃO DOS PRÉDIOS INSTITUTO DE EDUCAÇÃO DE MINAS GERAIS - IEMG;Execução;S;;;1;N;13;BELO HORIZONTE;3101;Região Intermediária de Belo Horizonte;1261;SEE;12;368;0001;1;3040000;0
168;4519;;"OBRA PARA REFORMA, DO PRÉDIO DO ANTIGO AUDITÓRIO DO CAMPUS DA SEE-  GAMELEIRA, PARA ABRIGAR A NOVA SEDE DA SRE MET B - SEDE DA SRE MET B - AUDITÓRIO GAMELEIRA";Iniciado;S;;;1;N;13;BELO HORIZONTE;3101;Região Intermediária de Belo Horizonte;1261;SEE;12;368;0001;1;3025160;0
168;4519;;OBRA  PARA REFORMA/RESTAURAÇÃO EE SÃO JOAQUIM;Iniciado;S;;;1;N;33;CONCEIÇÃO DO MATO DENTRO;3101;Região Intermediária de Belo Horizonte;1261;SEE;12;368;0001;1;2105200;0
168;4519;;"OBRA DE ESTRUTURA E OUTRAS, EM PRÉDIO TOMBADO";Execução;S;;;1;N;39;CORDISBURGO;3101;Região Intermediária de Belo Horizonte;1261;SEE;12;368;0001;1;260300;0
168;4519;;OBRA PARA REFORMA E SOLUÇÃO DE PROBLEMAS ESTRUTURAIS EE ODILON BEHRENS;Iniciado;S;;;1;N;788;GUANHÃES;3104;Região Intermediária de Governador Valadares;1261;SEE;12;368;0001;1;1705060;0
168;4519;; OBRA PARA SOLUÇÃO DE DESLIZAMENTO DE TERRA DE PARTE DO TALUDE E A RUPTURA DE PARTE DO MURO DIVISÓRIO INTERNO EE SELIM JOSÉ DE SALES;Iniciado;S;;;1;N;794;IPATINGA;3105;Região Intermediária de Ipatinga;1261;SEE;12;368;0001;1;190000;0
168;4519;;OBRAS PARA RESTAURAÇÃO DO PRÉDIO EE WENCESLAU BRAZ;Iniciado;S;;;1;N;378;ITAJUBÁ;3109;Região Intermediária de Pouso Alegre;1261;SEE;12;368;0001;1;2420600;0
168;4519;;OBRA PARA REFORMA E CONTENÇÃO E ESTABILIDADE DE TALUDE E DO PRÉDIO EE SÃO JOSÉ;Iniciado;S;;;1;N;161;ALÉM PARAÍBA;3106;Região Intermediária de Juíz de Fora;1261;SEE;12;368;0001;1;691600;0
168;4519;;OBRA PARA RESTAURAÇÃO DO PRÉDIO EE RAUL SOARES;Iniciado;S;;;1;N;457;ARAGUARI;3111;Região Intermediária de Uberlândia;1261;SEE;12;368;0001;1;380000;0
168;4519;;OBRA PARA REFORMA GERAL E RESTAURAÇÃO EE AFONSO PENA;Execução;S;;;1;N;13;BELO HORIZONTE;3101;Região Intermediária de Belo Horizonte;1261;SEE;12;368;0001;1;1194340;0
168;4519;;"REFORMA GERAL, RESTAURAÇÃO E RECUPERAÇÃO ESTRUTURAL EE FRANCISCO SALES";Iniciado;S;;;1;N;13;BELO HORIZONTE;3101;Região Intermediária de Belo Horizonte;1261;SEE;12;368;0001;1;407740;0
168;4519;;OBRA PARA REFORMA E RESTAURAÇÃO COMPLEMENTARES - UNIDADE I EE GOV MILTON CAMPOS;Iniciado;S;;;1;N;13;BELO HORIZONTE;3101;Região Intermediária de Belo Horizonte;1261;SEE;12;368;0001;1;1102000;0
168;4519;;OBRA PARA TALUDE E MURO EE PROFA MARIA AMÉLIA GUIMARÃES;Iniciado;S;;;1;N;13;BELO HORIZONTE;3101;Região Intermediária de Belo Horizonte;1261;SEE;12;368;0001;1;190000;0
168;4519;;"RESTAURAÇÃO, CONSERVAÇÃO E PRESERVAÇÃO ANTIGA ESCOLA DE APRENDIZES MARINHEIROS E CASA DO COMANDANTE - FUCAM (EE PROFESSORA MARIETA AMORIM VIEIRA)";Iniciado;S;;;1;N;603;BURITIZEIRO;3102;Região Intermediária de Montes Claros;1261;SEE;12;368;0001;1;235600;0
168;4519;;"OBRA - PROBLEMAS ESTRUTURAIS, ALÉM DE REFORMA E AMPLIAÇÃO DO PRÉDIO EE DR LAURO CORREA DO AMARAL";Iniciado;S;;;1;N;367;GUAPÉ;3108;Região Intermediária de Varginha;1261;SEE;12;368;0001;1;387600;0
168;4519;;CONCLUSÃO DA OBRA DE CONTENÇÃO DE TALUDE E RECUPERAÇÕES NA CONSTRUÇÃO EE ANTÔNIO MARINHO CAMPOS;Iniciado;S;;;1;N;64;IBIRITÉ;3101;Região Intermediária de Belo Horizonte;1261;SEE;12;368;0001;1;361760;0
168;4519;;"OBRA DE CONTENÇÃO, REFORMA E REFORÇO ESTRUTURAL DO PRÉDIO EE ANTÔNIO PAPINI";Iniciado;S;;;1;N;77;JOÃO MONLEVADE;3105;Região Intermediária de Ipatinga;1261;SEE;12;368;0001;1;218500;0
168;4519;;OBRA PARA REFORMA/RESTAURAÇÃO E  REPAROS ESTRUTURAIS EE DUQUE DE CAXIAS;Iniciado;S;;;1;N;212;JUIZ DE FORA;3106;Região Intermediária de Juíz de Fora;1261;SEE;12;368;0001;1;1976000;0
168;4519;;OBRA DE CONSTRUÇÃO DA SEDESEDE DA SRE DE MONTES CLAROS;Iniciado;S;;;1;N;649;MONTES CLAROS;3102;Região Intermediária de Montes Claros;1261;SEE;12;368;0001;1;805600;0
168;4519;;OBRAS DE CONTENÇÃO EE AUGUSTO DE LIMA;Iniciado;S;;;1;N;95;NOVA LIMA;3101;Região Intermediária de Belo Horizonte;1261;SEE;12;368;0001;1;760000;0
168;4519;;"OBRA PARA SOLUÇÃO DE PROBLEMAS  ESTRUTURAIS NO EDIFÍCIO, INCLUINDO INFILTRAÇÃO NAS PAREDES, DETERIORAÇÃO DO GUARDA-CORPO NA FACHADA, ABATIMENTO NO PISO, ASSOALHO DANIFICADO E INCLINAÇÃO DA FACHADA.EE PROFESSOR PINHEIRO CAMPOS";Iniciado;S;;;1;N;558;OLIVEIRA;3113;Região Intermediária de Divinópolis;1261;SEE;12;368;0001;1;653600;0
168;4519;;REFORMA GERAL E RESTAURAÇÃO EE DOM PEDRO II;Execução;S;;;1;N;99;OURO PRETO;3101;Região Intermediária de Belo Horizonte;1261;SEE;12;368;0001;1;1204600;0
168;4519;;OBRA PARA RESTAURAÇÃO EE PROFESSOR ANTÔNIO DIAS MACIEL;Iniciado;S;;;1;N;508;PATOS DE MINAS;3112;Região Intermediária de Patos de Minas;1261;SEE;12;368;0001;1;1927740;0
168;4519;;OBRA RESTAURAÇÃO INSTITUTO DE EDUCAÇÃO DE JUIZ DE FORA;Iniciado;S;;;1;N;212;JUIZ DE FORA;3106;Região Intermediária de Juíz de Fora;1261;SEE;12;368;0001;1;653600;0
168;4519;;OBRA - PROBLEMAS REFERENTES À CONTENÇÃO DE TALUDE E DRENAGEM PLUVIALEE HENRIQUE BURNIER;Iniciado;S;;;1;N;212;JUIZ DE FORA;3106;Região Intermediária de Juíz de Fora;1261;SEE;12;368;0001;1;19000;0
168;4519;;OBRA - PROBLEMAS REFERENTES À CONTENÇÃO DE TALUDE E DRENAGEM PLUVIALEE BATISTA DE OLIVEIRA;Iniciado;S;;;1;N;212;JUIZ DE FORA;3106;Região Intermediária de Juíz de Fora;1261;SEE;12;368;0001;1;19000;0
168;4519;;"OBRA REFORMA, RESTAURAÇÃO E AMPLIAÇÃOEE ANA ROCHA (PREDIO EE FREI LEOPOLDO)";Iniciado;S;;;1;N;505;MATUTINA;3112;Região Intermediária de Patos de Minas;1261;SEE;12;368;0001;1;1318600;0
168;4519;;"OBRA PARA REFORMA DA EDIFICAÇÃO E EXECUÇÃO DAS OBRAS DE ESTABILIZAÇÃO DE TALUDE, REFORÇO DA CONTENÇÃO E CONSTRUÇÃO DE NOVO MURO DE DIVISA EE JULIETA DE OLIVEIRA MACEDO";Execução;S;;;1;N;229;MURIAÉ;3106;Região Intermediária de Juíz de Fora;1261;SEE;12;368;0001;1;653600;0
168;4519;;CONSTRUÇÃO DE PRÉDIO DA SEDE DA SRE DE MURIAÉ;Iniciado;S;;;1;N;229;MURIAÉ;3106;Região Intermediária de Juíz de Fora;1261;SEE;12;368;0001;1;19000;0
168;4519;;OBRA DE REFORMA SEDE DA SRE DE NOVA ERA;Iniciado;S;;;1;N;94;NOVA ERA;3105;Região Intermediária de Ipatinga;1261;SEE;12;368;0001;1;19000;0
168;4519;;OBRAS PARA PROBLEMAS ESTRUTURAIS NO AUDITÓRIO (ESTRUTURA PISO E TELHADO) - REFORMA GERAL E RESTAURAÇÃO - PRÉDIO TOMBADOEE FRANCISCO FERNANDES;Iniciado;S;;;1;N;558;OLIVEIRA;3113;Região Intermediária de Divinópolis;1261;SEE;12;368;0001;1;760000;0
168;4519;;OBRA PARA REFORMA GERAL / RESTAURAÇÃO EE CONSELHEIRO AFONSO PENA ;Iniciado;S;;;1;N;103;PARAOPEBA;3101;Região Intermediária de Belo Horizonte;1261;SEE;12;368;0001;1;19000;0
168;4519;;OBRA PARA RESTAURAÇÃOEE DOM LUSTOSA;Iniciado;S;;;1;N;509;PATROCÍNIO;3112;Região Intermediária de Patos de Minas;1261;SEE;12;368;0001;1;19000;0
168;4519;;OBRA DE RESTAURAÇÃOSEDE DA SRE DE PATROCÍNIO;Iniciado;S;;;1;N;509;PATROCÍNIO;3112;Região Intermediária de Patos de Minas;1261;SEE;12;368;0001;1;19000;0
168;4519;;OBRA PARA REFORMA E RESTAURAÇÃO DO PRÉDIOEE FRANCISCA BOTELHO;Iniciado;S;;;1;N;109;PITANGUI;3113;Região Intermediária de Divinópolis;1261;SEE;12;368;0001;1;434720;0
168;4519;;OBRA  DE REFORMA E RESTAURAÇÃOCESEC TANCREDO NEVES (PRÉDIO OCUPADO ANTERIORMENTE PELA EE FARNESE MACIEL );Iniciado;S;;;1;N;591;PRESIDENTE OLEGÁRIO;3112;Região Intermediária de Patos de Minas;1261;SEE;12;368;0001;1;221160;0
168;4519;;CONCLUSÃO DA OBRA DE REFORMA E RESTAURAÇÃO EE JOAO DOS SANTOS;Iniciado;S;;;1;N;142;SÃO JOÃO DEL REI;3107;Região Intermediária de Barbacena;1261;SEE;12;368;0001;1;1748000;0
168;4519;;OBRA PARA SOLUÇÃO DE PROBLEMAS ESTRUTURAISSEDE DA SRE DE SETE LAGOAS;Iniciado;S;;;1;N;154;SETE LAGOAS;3101;Região Intermediária de Belo Horizonte;1261;SEE;12;368;0001;1;479560;0
168;4519;;OBRA PARA REPAROS ESTRUTURAIS (EXECUÇÃO DO REFORÇO DE FUNDAÇÃO E SERVIÇOS CORRELATOS) - 1A ETAPAEE DEPUTADO CARLOS PEIXOTO FILHO;Iniciado;S;;;1;N;294;UBÁ;3106;Região Intermediária de Juíz de Fora;1261;SEE;12;368;0001;1;228000;0
168;4519;;CONSTRUÇÃO DE ESCOLA - 16 SALAS DE AULA (NO BAIRRO JARDIM CÉLIA)EE 13 DE MAIO;Execução;S;;;1;N;488;UBERLÂNDIA;3111;Região Intermediária de Uberlândia;1261;SEE;12;368;0001;1;2552080;0
168;4519;;REFORMA / REFORÇO ESTRUTURALEE CORAÇÃO DE JESUS;Iniciado;S;;;1;N;453;VARGINHA;3108;Região Intermediária de Varginha;1261;SEE;12;368;0001;1;1386240;0
168;4519;;OBRA PARA REFORMA/RESTAURAÇÃO EE BRASIL;Iniciado;S;;;1;N;453;VARGINHA;3108;Região Intermediária de Varginha;1261;SEE;12;368;0001;1;1900000;0
168;4519;;OBRA DE REFORMA E RESTAURAÇÃOEE DR. JOÃO PINHEIRO;Iniciado;S;;;1;N;427;SÃO GONÇALO DO SAPUCAÍ;3108;Região Intermediária de Varginha;1261;SEE;12;368;0001;1;1008140;0
168;4519;;"OBRAS PARA MURO DE ARRIMO E DRENAGEM, ALÉM DE REFORMA/RESTAURAÇÃO EE MINISTRO EDMUNDO LINS";Iniciado;S;;;1;N;153;SERRO;3103;Região Intermediária de Teófilo Otoni;1261;SEE;12;368;0001;1;380000;0
168;4519;;OBRA PARA REFORMA E RESTAURAÇÃOEE DR. ARTHUR BERNARDES;Iniciado;S;;;1;N;154;SETE LAGOAS;3101;Região Intermediária de Belo Horizonte;1261;SEE;12;368;0001;1;228000;0
168;4519;;OBRA PARA SOLUÇÃO DE PROBLEMAS ESTRUTURAISEE HAYDÉE DE SOUZA ABREU;Iniciado;S;;;1;N;848;TIMÓTEO;3105;Região Intermediária de Ipatinga;1261;SEE;12;368;0001;1;539600;0
168;4519;;"OBRA - MANUTENÇÃO E REVISÃO COMPLETA DAS COBERTURAS; PINTURA EXTERNA E INTERNA; RESTAURO DE ESQUADRIAS;  REVISÃO DE TODA A REDE ELÉTRICA; RESTAURO DA PINTURA ARTÍSTICA DO RODATETO E PROSPECÇÃO EXPLORATÓRIA NO HALL DE ENTRADA, VISANDO AVALIAR A EXISTÊ";Iniciado;S;;;1;N;488;UBERLÂNDIA;3111;Região Intermediária de Uberlândia;1261;SEE;12;368;0001;1;19000;0
168;4519;;OBRA PARA RESTAURAÇÃO EE AFONSO PENA;Execução;S;;;1;N;453;VARGINHA;3108;Região Intermediária de Varginha;1261;SEE;12;368;0001;1;2074800;0
81;1037;12404;"DC-018/2023-Execução das serviço de Aumento de capacidade e Recuperação de Rodovia (aumento de capacidade) no trecho Três Pontas - Varginhas (Estaca 80 a 610), com 10,60 km de extensão, na Rodovia MG-167";Execução;N;;;;S;451;TRÊS PONTAS;3108;Região Intermediária de Varginha;1301;SEINFRA;15;451;0001;0;0;799746
81;1037;12780;"Execução das obras de Implantação de Passarela na Rodovia MG-010, Km 15+850, trecho Belo Horizonte - Lagoa Santa (Cidade Administrativa), extensão de 312,00 m";Execução;N;;;;S;13;BELO HORIZONTE;3101;Região Intermediária de Belo Horizonte;1301;SEINFRA;15;451;0001;0;0;4982364
81;1037;10397;"PRC-22.021/18 -Melhoramento e pavimentação no trecho Ibertioga  Piedade do Rio Grande, na Rodovia MG/338, extensão de 13,25km";Execução;N;;;;S;63;IBERTIOGA;3107;Região Intermediária de Barbacena;1301;SEINFRA;15;451;0001;0;0;27418375
81;1037;12850;"Melhoramento e pavimentação do trecho de Jaboticatubas - Lagoa Santa, em rodovia Municipal.";Execução;N;;;;S;74;JABOTICATUBAS;3101;Região Intermediária de Belo Horizonte;1301;SEINFRA;15;451;0001;0;0;27098047
81;1037;12634;Melhoramento e pavimentação do Trecho Itapagipe - Entrº 364 (Campina Verde) MGC 154 - LOTE 01;Execução;N;;;;S;476;ITAPAGIPE;3110;Região Intermediária de Uberaba;1301;SEINFRA;15;451;0001;0;0;31434490
81;1037;12785;"Execução da Obra de Engenharia de Melhoramento e pavimentação da Interseção de acesso ao Presídio de Iturama, na via Municipal, com extensão de 2,000 km.";Execução;N;;;;S;478;ITURAMA;3110;Região Intermediária de Uberaba;1301;SEINFRA;15;451;0001;0;0;3483710
81;1037;12824;"Melhoramento e Pavimentação em Rodovia de Ligação no trecho Entrº LMG-690 (Paracatu) - Entrº Entre Ribeiros - Lote 1 - Segmento 1 (0 a 835), extensão: 16,700 km e Segmento 2 (835 a 1250), extensão 8,300 km.";Execução;N;;;;S;590;PARACATU;3112;Região Intermediária de Patos de Minas;1301;SEINFRA;15;451;0001;0;0;29243400
81;1037;4716;"Entr. BR/365-Entr. LMG/782 (p/ Iraí de Minas), Monte Carmelo-Chapada de Minas e Pindaibas-Ent.BR/365";Execução;N;;;;S;506;MONTE CARMELO;3111;Região Intermediária de Uberlândia;1301;SEINFRA;15;451;0001;0;0;22720820
81;1037;;"Recapeamento de vias / pavimentação de trecho rodoviário / pavimentação e obra de arte especial no trecho viário; para melhoria da infraestrutura viária do Estado de Minas Gerais (8 propostas de novos convênios)";Iniciado;N;;;;N;999;DIVERSOS MUNICÍPIOS - ESTADUAL;3199;Estadual;1301;SEINFRA;15;451;0001;0;0;11755000
99;1038;11140;"CONSTRUÇÃO DE 64 UNIDADES HABITACIONAIS PAC FNHIS
";Execução;N;;;;S;38;CONTAGEM;3101;Região Intermediária de Belo Horizonte;1301;SEINFRA;15;451;0001;0;0;5109453
99;1038;11531;REQUALIFICAÇÃO URBANA E AMBIENTAL DO RIBEIRÃO ARRUDAS - FNHIS/2009 - Continuidade da execução do PTTS (Programa de Trabalho Técnico-Social);Execução;N;;;;S;38;CONTAGEM;3101;Região Intermediária de Belo Horizonte;1301;SEINFRA;15;451;0001;0;0;222899
99;4262;;"Aquisição de materiais para obras - mata-burros, vigas metálicas e bueiros metálicos";Execução;N;;;;N;999;DIVERSOS MUNICÍPIOS - ESTADUAL;3199;Estadual;1301;SEINFRA;15;451;0001;0;10932874;0
117;4290;12510; tratamento viário para implantação de sistema BRS em dois corredores de importância metropolitana na Região Metropolitana de Belo Horizonte (RMBH);Execução;N;;;;S;13;BELO HORIZONTE;3101;Região Intermediária de Belo Horizonte;1301;SEINFRA;26;453;0001;0;0;40000000
117;4290;;Pagamento reajuste previsão INCC - Contrato de repasse 970648 (PAC MOBILIDADE - Obra Av Brasília);Iniciado;N;;;;N;13;BELO HORIZONTE;3101;Região Intermediária de Belo Horizonte;1301;SEINFRA;26;453;0001;0;478579;0
117;4290;;Pagamento reajuste previsão INCC - Contrato de repasse 970648 (PAC MOBILIDADE - Obra Av Civilização/Vilarinho);Iniciado;N;;;;N;13;BELO HORIZONTE;3101;Região Intermediária de Belo Horizonte;1301;SEINFRA;26;453;0001;0;2246479;0
117;4290;;Pagamento reajuste previsão INCC - Contrato de repasse 970648 (PAC MOBILIDADE -  Obras Estações  BRT MG10);Iniciado;N;;;;N;13;BELO HORIZONTE;3101;Região Intermediária de Belo Horizonte;1301;SEINFRA;26;453;0001;0;156926;0
139;1036;12453;LOTE 1 EXECUCAO DAS OBRAS DE ESTABILIZACAO E CONTENCAO DE ENCOSTAS EM AREAS URBANAS EM ALEM PARAIBA;Execução;N;;;;S;161;ALÉM PARAÍBA;3106;Região Intermediária de Juíz de Fora;1301;SEINFRA;15;451;0001;0;0;539924
139;1036;12454;LOTE  2 -  EXECUCAO DAS OBRAS DE ESTABILIZACAO E CONTENCAO DE ENCOSTAS EM AREAS URBANAS EM MURIAE;Execução;N;;;;S;229;MURIAÉ;3106;Região Intermediária de Juíz de Fora;1301;SEINFRA;15;451;0001;0;0;15337533
139;1036;11521;"Obras de contenção de encostas em Sabará - Intervenção em setores de risco alto e muito alto, no âmbito do Programa PAC Gestão de Riscos e Resposta a Desastres.";Execução;N;;;;S;125;SABARÁ;3101;Região Intermediária de Belo Horizonte;1301;SEINFRA;15;451;0001;0;0;1440021
139;1036;11519;"Obras de contenção de encostas em João Monlevade - Intervenção em setores de risco alto e muito alto, no âmbito do Programa PAC Gestão de Riscos e Resposta a Desastres.";Execução;N;;;;S;77;JOÃO MONLEVADE;3105;Região Intermediária de Ipatinga;1301;SEINFRA;15;451;0001;0;0;6942767
139;1036;11512;"bras de contenção de encostas em Timóteo - Intervenção em setores de risco alto e muito alto, no âmbito do Programa PAC Gestão de Riscos e Respostas a Desastres.";Iniciado;N;;;;S;848;TIMÓTEO;3105;Região Intermediária de Ipatinga;1301;SEINFRA;15;451;0001;0;0;14686005
139;1036;11514;"Obras de Contenção de encostas em Ouro Preto - Intervenção em setores de risco alto e muito alto, no ambito do programa PAC gestão de riscos e resposta a desastres.";Execução;N;;;;S;99;OURO PRETO;3101;Região Intermediária de Belo Horizonte;1301;SEINFRA;15;451;0001;0;0;52160376
139;1036;11511;"Obras de Contenção de encostas em Manhumirim, Lajinha, Ervália,Sabinópolis e Diogo de Vasconcelos - Intervenção em setores de risco alto e muito alto. No ambito do Programa PAC gestão de riscos e proposta a desastres.";Execução;N;;;;S;999;DIVERSOS MUNICÍPIOS - ESTADUAL;3199;Estadual;1301;SEINFRA;15;451;0001;0;0;20521500
139;1036;11520;"Obras de contenção de encostas em Santa Luzia - Intervenção em setores de risco alto e muito alto, no âmbito do Programa PAC Gestão de Riscos e Resposta a Desastres.";Execução;N;;;;S;129;SANTA LUZIA;3101;Região Intermediária de Belo Horizonte;1301;SEINFRA;15;451;0001;0;0;6952445
139;1036;11513;"Obras de Contenção de encostas em Ewbank da Câmara, Matias Barbosa e Visconde do Rio Branco - Intervenção em setores de risco alto e muito alto, no ambito do programa PAC gestão de riscos e proposta a desastre.";Execução;N;;;;S;999;DIVERSOS MUNICÍPIOS - ESTADUAL;3199;Estadual;1301;SEINFRA;15;451;0001;0;0;12959175
139;1036;11977;"Execução de Obras de Contenção de Encostas em Cataguases/MG - Intervenção em setores de risco alto e muito alto, no âmbito do programa PAC Gestão de Riscos e Resposta a Desastres.";Execução;N;;;;S;183;CATAGUASES;3106;Região Intermediária de Juíz de Fora;1301;SEINFRA;15;451;0001;0;0;38244490
139;1036;11162;OBRAS DE ESTABILIZAÇÃO E CONTENÇÃO DE ENCOSTAS E DESLIZAMENTOS EM ÁREAS URBANAS;Execução;N;;;;S;999;DIVERSOS MUNICÍPIOS - ESTADUAL;3199;Estadual;1301;SEINFRA;15;451;0001;0;9858067;0
139;1039;12699;SERVIÇOS TÉCNICOS ESPECIALIZADOS PARA A CONCLUSÃO DA IMPLEMENTAÇÃO DO PTTS  PROJETO DE TRABALHO TÉCNICO SOCIAL- PROGRAMA DE REQUALIFICAÇÃO URBANA E AMBIENTAL E CONTROLE DE CHEIAS DO CÓRREGO FERRUGEM;Execução;N;;;;S;38;CONTAGEM;3101;Região Intermediária de Belo Horizonte;1301;SEINFRA;15;451;0001;0;0;299895
139;1039;11536;Construção de 192 unidades habitacionais referente a 2ª etapa da Requalificação urbana e ambiental do Córrego Ferrugem;Execução;N;;;;S;38;CONTAGEM;3101;Região Intermediária de Belo Horizonte;1301;SEINFRA;15;451;0001;0;0;4565604
139;1041;11855;REMANESCENTE DAS OBRAS DE INFRAESTRUTURA PARA A CONCLUSAO DAS BACIAS DO CONTROLE DE CHEIAS DO CORREGO RIACHO DAS PEDRAS.;Execução;N;;;;S;38;CONTAGEM;3101;Região Intermediária de Belo Horizonte;1301;SEINFRA;15;451;0001;0;0;9015115
139;1041;11973;"execução do Plano de Trabalho Técnico-Social - PTTS, que é uma exigência do contrato de financiamento PAC RIACHO";Execução;N;;;;S;38;CONTAGEM;3101;Região Intermediária de Belo Horizonte;1301;SEINFRA;15;451;0001;0;0;193263
101;4118;;Programa Água Doce - RIMC;Iniciado;N;;;;N;855;DIVERSOS MUNICÍPIOS - REGIÃO INTERMEDIÁRIA DE MONTES CLAROS;3102;Região Intermediária de Montes Claros;1371;SEMAD;17;511;0001;0;0;4547000
101;4118;;Programa Água Doce - RITO;Iniciado;N;;;;N;856;DIVERSOS MUNICÍPIOS - REGIÃO INTERMEDIÁRIA DE TEÓFILO OTONI;3103;Região Intermediária de Teófilo Otoni;1371;SEMAD;17;511;0001;0;0;4547000
130;1048;;Construção de uma unidade prisional de segurança média com aproximadamente 800 (oitocentas) vagas.;Paralisado;N;;;;N;999;DIVERSOS MUNICÍPIOS - ESTADUAL;3199;Estadual;1451;SEJUSP;06;421;0001;1;0;45212295
146;4441;;Construção e implementação de modelos alternativos de prestação da Medida Socioeducativa de Privação de Liberdade no Estado de Minas Gerais.;Paralisado;N;;;;N;13;BELO HORIZONTE;3101;Região Intermediária de Belo Horizonte;1451;SEJUSP;06;243;0001;1;0;6999284
146;4441;;Construção e implementação de modelos alternativos de prestação da Medida Socioeducativa de Privação de Liberdade no Estado de Minas Gerais.;Paralisado;N;;;;N;15;BETIM;3101;Região Intermediária de Belo Horizonte;1451;SEJUSP;06;243;0001;1;0;651694
146;4441;;Construção e implementação de modelos alternativos de prestação da Medida Socioeducativa de Privação de Liberdade no Estado de Minas Gerais.;Paralisado;N;;;;N;304;ALFENAS;3108;Região Intermediária de Varginha;1451;SEJUSP;06;243;0001;1;0;651694
146;4441;;Construção e implementação de modelos alternativos de prestação da Medida Socioeducativa de Privação de Liberdade no Estado de Minas Gerais.;Paralisado;N;;;;N;38;CONTAGEM;3101;Região Intermediária de Belo Horizonte;1451;SEJUSP;06;243;0001;1;0;1472757
146;4441;;Construção e implementação de modelos alternativos de prestação da Medida Socioeducativa de Privação de Liberdade no Estado de Minas Gerais.;Paralisado;N;;;;N;493;ARAXÁ;3110;Região Intermediária de Uberaba;1451;SEJUSP;06;243;0001;1;0;651694
146;4441;;Construção e implementação de modelos alternativos de prestação da Medida Socioeducativa de Privação de Liberdade no Estado de Minas Gerais.;Paralisado;N;;;;N;999;DIVERSOS MUNICÍPIOS - ESTADUAL;3199;Estadual;1451;SEJUSP;06;243;0001;1;0;18572878
147;4476;;REDIMENSIONAMENTO DE REDE ELÉTRICA (NRPMSO'S) - Garantir a segurança elétrica para implementação de novos equipamentos;Iniciado;N;;;;N;13;BELO HORIZONTE;3101;Região Intermediária de Belo Horizonte;1501;SEPLAG;04;122;0001;0;270000;0
156;4465;;Construção de um abrigo de Resíduos Sólidos e guaritas de segurança externa na CAMG;Iniciado;N;;;;N;13;BELO HORIZONTE;3101;Região Intermediária de Belo Horizonte;1501;SEPLAG;04;122;0001;0;1100000;0
156;4465;;Execução do projeto de reutilização da água da purga ;Iniciado;N;;;;N;13;BELO HORIZONTE;3101;Região Intermediária de Belo Horizonte;1501;SEPLAG;04;122;0001;0;624000;0
156;4465;;Projeto de modernização da alimentação elétrica emergencial dos elevadores;Iniciado;N;;;;N;13;BELO HORIZONTE;3101;Região Intermediária de Belo Horizonte;1501;SEPLAG;04;122;0001;0;210000;0
156;4465;;Programa de monitoramento e responsabilidade técnica das barragens da Cidade Administrativa;Iniciado;N;;;;N;13;BELO HORIZONTE;3101;Região Intermediária de Belo Horizonte;1501;SEPLAG;04;122;0001;0;150000;0
156;4465;;Impermeabilização das coberturas do prédio Alterosa e reforço estrutural do estacionamento do Alterosas;Iniciado;N;;;;N;13;BELO HORIZONTE;3101;Região Intermediária de Belo Horizonte;1501;SEPLAG;04;122;0001;0;3918408;0
705;2500;;Projeto AVCB para o antigo prédio do IOF na av. Augusto de Lima;Iniciado;S;207;UNIDADE;1;N;13;BELO HORIZONTE;3101;Região Intermediária de Belo Horizonte;1501;SEPLAG;04;122;0001;0;282000;0
32;1006;;1ª Fase da Execução da Obra de Reformas e Adaptações da Antiga Cadeia Pública de Teofilo Otoni onde será instalada a Nova Delegacia Especializada no Atendimento a Mulher da DRPC de Teofilo Otoni. ;Iniciado;N;;;;N;999;DIVERSOS MUNICÍPIOS - ESTADUAL;3199;Estadual;1511;PCMG;06;181;0001;0;0;1000000
32;4063;;Construção do Complexo que irá abrigar o Núcleo Integrado de Perícias;Iniciado;N;;;;N;854;DIVERSOS MUNICÍPIOS - REGIÃO INTERMEDIÁRIA DE BELO HORIZONTE;3101;Região Intermediária de Belo Horizonte;1511;PCMG;06;181;0001;0;0;20000000
705;2500;;REFORMA DA ESCOLA DE SAÚDE PÚBLICA DO MUNICÍPIO DE BELO HORIZONTE;Execução;N;;;;N;13;BELO HORIZONTE;3101;Região Intermediária de Belo Horizonte;1541;ESP MG;10;122;0001;0;2896100;0
88;4231;12871;"EXECUCAO DE OBRAS POR CONTRATO DE BENS PATRIMONIAVEIS adequação do HGIP para obtenção do AVCB																						
";Iniciado;N;;;;S;13;BELO HORIZONTE;3101;Região Intermediária de Belo Horizonte;2011;IPSEMG;10;302;0001;0;0;2000000
88;4231;9999;Reforma da Endoscopia - HGIP ;Iniciado;N;;;;S;13;BELO HORIZONTE;3101;Região Intermediária de Belo Horizonte;2011;IPSEMG;10;302;0001;0;0;1600000
705;2500;12690;"Apoio à GELENG, no atendimento às demandas de serviços de reforma e manutenção nas unidades.";Iniciado;N;;;;S;13;BELO HORIZONTE;3101;Região Intermediária de Belo Horizonte;2011;IPSEMG;10;122;0001;0;0;2200000
31;4058;;Construção do Cetras de Governador Valadares;Iniciado;S;207;UNIDADE;1;N;999;DIVERSOS MUNICÍPIOS - ESTADUAL;3199;Estadual;2101;IEF;18;541;0001;0;0;350000
31;4059;;APA Parque Cataguás;Iniciado;S;207;UNIDADE;1;N;999;DIVERSOS MUNICÍPIOS - ESTADUAL;3199;Estadual;2101;IEF;18;541;0001;0;0;1000000
75;1023;;"CONTRATAÇÃO DE EMPRESA ESPECIALIZADA PARA ELABORAÇÃO DE ESTUDOS TÉCNICOS, LEVANTAMENTOS TOPOGRÁFICOS, SONDAGENS, ESTUDOS AMBIENTAIS, PROJETOS DE ARQUITETURA E ENGENHARIA, ORÇAMENTOS, MEMORIAIS DESCRITIVOS E AFINS";Iniciado;N;;;;N;64;IBIRITÉ;3101;Região Intermediária de Belo Horizonte;2151;FHA;12;572;0001;0;200000;0
705;2500;;"CONTRATAÇÃO DO CONSÓRCIO PGM / SINAURB CIDERSU (PGM CONSTRUÇÕES E EMPREENDIMENTOS LTDA E SINAURB SERVIÇOS E EMPREENDIMENTOS LTDA) PRESTAÇÃO DE SERVIÇOS COMUNS E CONTÍNUOS DE ENGENHARIA, SOB DEMANDA, DESTINADOS À MANUTENÇÃO PREDIAL, CONSERVAÇÃO E EXEC";Iniciado;N;;;;N;64;IBIRITÉ;3101;Região Intermediária de Belo Horizonte;2151;FHA;12;122;0001;0;1500000;0
5;1030;;Projeto para melhoria de acessibilidade nas unidades da FUCAM;Paralisado;N;;;;N;855;DIVERSOS MUNICÍPIOS - REGIÃO INTERMEDIÁRIA DE MONTES CLAROS;3102;Região Intermediária de Montes Claros;2161;FUCAM;12;242;0001;0;14000;0
5;1030;;Projeto para melhoria de acessibilidade nas unidades da FUCAM;Paralisado;N;;;;N;865;DIVERSOS MUNICÍPIOS - REGIÃO INTERMEDIÁRIA DE PATOS DE MINAS;3112;Região Intermediária de Patos de Minas;2161;FUCAM;12;242;0001;0;3000;0
5;1030;;Projeto para melhoria de acessibilidade nas unidades da FUCAM;Paralisado;N;;;;N;55;ESMERALDAS;3101;Região Intermediária de Belo Horizonte;2161;FUCAM;12;242;0001;0;3000;0
154;4460;12502;Execução de Obras da nova sede da Divisão de Controle de Qualidade.;Iniciado;N;;;;S;13;BELO HORIZONTE;3101;Região Intermediária de Belo Horizonte;2261;FUNED;10;303;0001;0;500000;0
705;2500;12500;Novo Prédio Administrativo da FUNED em Steel Frame (Unidade IV);Iniciado;N;;;;S;13;BELO HORIZONTE;3101;Região Intermediária de Belo Horizonte;2261;FUNED;10;122;0001;0;10535000;0
705;2500;;Obras de adequação estrutural do refeitório para atendimento às exigências da Vigilância Sanitária Municipal.;Iniciado;N;;;;N;13;BELO HORIZONTE;3101;Região Intermediária de Belo Horizonte;2261;FUNED;10;122;0001;0;500000;0
81;4268;;REABILITAÇÃO DA MG-010 (CONCEIÇÃO DO MATO DENTRO A SERRO);Iniciado;N;;;;N;999;DIVERSOS MUNICÍPIOS - ESTADUAL;3199;Estadual;2301;DER-MG;26;782;0001;0;0;5000000
81;4268;;REABILITAÇÃO DA MG-129 (OURO PRETO A OURO BRANCO);Iniciado;N;;;;N;999;DIVERSOS MUNICÍPIOS - ESTADUAL;3199;Estadual;2301;DER-MG;26;782;0001;0;0;5000000
81;4268;;"RESTAURAÇÃO RODOVIA MG-010, TRECHO CONCEIÇÃO DO MATO DENTRO - SERRO (DISTRITO DE MATO GROSSO) E RECOMPOSIÇÃO DE TALUDE ERODIDO";Iniciado;N;;;;N;999;DIVERSOS MUNICÍPIOS - ESTADUAL;3199;Estadual;2301;DER-MG;26;782;0001;0;0;10000000
81;4268;;MG-129 - OURO PRETO A OURO BRANCO;Iniciado;N;;;;N;999;DIVERSOS MUNICÍPIOS - ESTADUAL;3199;Estadual;2301;DER-MG;26;782;0001;0;0;1000000
81;4268;;"RECUPERAÇÃO DE EROSÃO EM TALUDE DE CORTE NA RODOVIA MGC-354, KM 167,8, TRECHO: RIBEIRÃO DA MATA - AV MARABÁ (PATOS DE MINAS)";Iniciado;N;;;;N;999;DIVERSOS MUNICÍPIOS - ESTADUAL;3199;Estadual;2301;DER-MG;26;782;0001;0;0;143000
81;4268;;"RESTAURAÇÃO DA INTERSEÇÃO NA RODOVIA MGC-354, KM 150,9, TRECHO: TRAVESSIA URBANA DE PRESIDENTE OLEGÁRIO";Iniciado;N;;;;N;999;DIVERSOS MUNICÍPIOS - ESTADUAL;3199;Estadual;2301;DER-MG;26;782;0001;0;0;5876140
81;4268;;"RESTAURAÇÃO DA INTERSEÇÃO NA RODOVIA MGC-354, KM 176,2, TRECHO: AV MARABÁ (PATOS DE MINAS) - ENTR BR 365";Iniciado;N;;;;N;999;DIVERSOS MUNICÍPIOS - ESTADUAL;3199;Estadual;2301;DER-MG;26;782;0001;0;0;1132500
81;4268;;"RESTAURAÇÃO E AUMENTO DE CAPACIDADE (3ª FAIXA) DO TRECHO SERRA DO SALITRE - SALITRE DE MINAS, NA MG-230";Iniciado;N;;;;N;999;DIVERSOS MUNICÍPIOS - ESTADUAL;3199;Estadual;2301;DER-MG;26;782;0001;0;0;34710000
81;4268;;"RESTAURAÇÃO E AUMENTO DE CAPACIDADE DO TRECHO MG-344 (ENTR. P/ CÁSSIA) - DIVISA MG/SP, NA MG-444, EXT. 23,9 KM";Iniciado;N;;;;N;999;DIVERSOS MUNICÍPIOS - ESTADUAL;3199;Estadual;2301;DER-MG;26;782;0001;0;0;59000000
81;4268;;RESTAURAÇÃO E AUMENTO DE CAPACIDADE DO TRECHO PARÁ DE MINAS - PAPAGAIOS (3ª FAIXA) - LOTE 1;Iniciado;N;;;;N;999;DIVERSOS MUNICÍPIOS - ESTADUAL;3199;Estadual;2301;DER-MG;26;782;0001;0;0;1000000
81;4268;;"RESTAURAÇÃO TIMÓTEO - ENTR. LMG-760 (CAVA GRANDE), NA MG-425";Iniciado;N;;;;N;999;DIVERSOS MUNICÍPIOS - ESTADUAL;3199;Estadual;2301;DER-MG;26;782;0001;0;0;200000
81;4268;;"RESTAURAÇÃO TRECHO ENTR. MGC-120 (B) (DONA EUZÉBIA) - ENTR. MGC-265, NA MG-285";Iniciado;N;;;;N;999;DIVERSOS MUNICÍPIOS - ESTADUAL;3199;Estadual;2301;DER-MG;26;782;0001;0;0;30980000
81;4268;;"RESTAURAÇÃO TRECHO ENTR. MGC-265/MG-452 (P/ PAIVA) - ENTR. BR-040, NA MG-448";Iniciado;N;;;;N;999;DIVERSOS MUNICÍPIOS - ESTADUAL;3199;Estadual;2301;DER-MG;26;782;0001;0;0;25655000
81;4268;;"RESTAURAÇÃO TRECHO PIRAÚBA (ENTR. MG-285) - PAIVA (ENTR. MG-488/MG-455), NA MG-265 E 3ª FAIXA";Iniciado;N;;;;N;999;DIVERSOS MUNICÍPIOS - ESTADUAL;3199;Estadual;2301;DER-MG;26;782;0001;0;0;66560000
81;4268;;"RESTAURAÇÃO TRÊS PONTAS - VARGINHA, NA MG-167";Iniciado;N;;;;N;999;DIVERSOS MUNICÍPIOS - ESTADUAL;3199;Estadual;2301;DER-MG;26;782;0001;0;0;25464500
81;4272;;"COMPLEMENTAÇÃO DA CONSTRUÇÃO DA PONTE SOBRE O RIO SÃO FRANCISCO, PINTÓPOLIS";Iniciado;N;;;;N;999;DIVERSOS MUNICÍPIOS - ESTADUAL;3199;Estadual;2301;DER-MG;26;782;0001;0;0;1202905
81;4272;;"ENCABEÇAMENTO E PONTE SOBRE O CÓRREGO DAS LAJES, TRECHO ENTR. MGC-479 (SERRA DAS ARARAS) - ENTR. MG-402, NA LMG-622";Iniciado;N;;;;N;999;DIVERSOS MUNICÍPIOS - ESTADUAL;3199;Estadual;2301;DER-MG;26;782;0001;0;0;1000000
81;4272;;"ENCABEÇAMENTO E PONTE SOBRE O RIO SÃO JOÃO, TRECHO IGARATINGA - ENTR. MG-252, NA MG-430 (SEMI-INTEGRADA)";Iniciado;N;;;;N;999;DIVERSOS MUNICÍPIOS - ESTADUAL;3199;Estadual;2301;DER-MG;26;782;0001;0;0;14920000
81;4272;;"ENCABEÇAMENTO E PONTE SOBRE O RIO SERRA BRANCA, TRECHO PAI PEDRO - CATUTI, NA MGC-122";Iniciado;N;;;;N;999;DIVERSOS MUNICÍPIOS - ESTADUAL;3199;Estadual;2301;DER-MG;26;782;0001;0;0;8798400
81;4272;;"LMG-722 (ROCHINHA A LAGAMAR, PONTE SOBRE O RIO PARANAÍBA)";Iniciado;N;;;;N;999;DIVERSOS MUNICÍPIOS - ESTADUAL;3199;Estadual;2301;DER-MG;26;782;0001;0;0;1000000
81;4272;;"MGC-267 (CORDISLÂNDIA A CARVALHÓPOLIS, PONTE SOBRE O RIO SAPUCAÍ -  LOTE 01)";Iniciado;N;;;;N;999;DIVERSOS MUNICÍPIOS - ESTADUAL;3199;Estadual;2301;DER-MG;26;782;0001;0;0;1203643
81;4272;;PASSARELA MG-010 (CIDADE ADMINISTRATIVA);Iniciado;N;;;;N;999;DIVERSOS MUNICÍPIOS - ESTADUAL;3199;Estadual;2301;DER-MG;26;782;0001;0;0;66620
81;4272;;"PONTE SOBRE O EXTRAVASOR DA CEMIG, TRECHO JANUÁRIA - RIO PARDO - PANDEIROS, NA MGC-479";Iniciado;N;;;;N;999;DIVERSOS MUNICÍPIOS - ESTADUAL;3199;Estadual;2301;DER-MG;26;782;0001;0;0;1000000
81;4272;;"PONTE SOBRE O RIBEIRÃO MATA BOI NA RODOVIA MG-414, TRECHO ARAGUARI (DISTRITO DE AMANHECE) - DIVISA MG/GO";Iniciado;N;;;;N;999;DIVERSOS MUNICÍPIOS - ESTADUAL;3199;Estadual;2301;DER-MG;26;782;0001;0;0;2940000
81;4272;;"PONTE SOBRE O RIBEIRÃO PANDEIROS, TRECHO JANUÁRIA - RIO PARDO - PANDEIROS, NA MGC-479";Iniciado;N;;;;N;999;DIVERSOS MUNICÍPIOS - ESTADUAL;3199;Estadual;2301;DER-MG;26;782;0001;0;0;1000000
81;4272;;"PONTE SOBRE O RIO ARAGUARI (TROCA DOS APARELHOS DE DO 1º E 5º VÃOS), TRECHO ENTR. MG-190 - ZELÂNDIA (USINA SANTA JULIANA), DIMENSÕES 130,00X12,20M, RODOVIA AMG-0730";Iniciado;N;;;;N;999;DIVERSOS MUNICÍPIOS - ESTADUAL;3199;Estadual;2301;DER-MG;26;782;0001;0;0;542000
81;4272;;"PONTE SOBRE O RIO CORRENTE -  MG-460, NO TRECHO DE MUNHOZ - TOLEDO ( E SEMI-INTEGRADA)";Iniciado;N;;;;N;999;DIVERSOS MUNICÍPIOS - ESTADUAL;3199;Estadual;2301;DER-MG;26;782;0001;0;0;2163814
81;4272;;"PONTE SOBRE O RIO SÃO FRANCISCO - ENTR. MGC-135 (MANGA) ¿ PORTO DE MATIAS CARDOSO, NA RODOVIA MG-401";Iniciado;N;;;;N;999;DIVERSOS MUNICÍPIOS - ESTADUAL;3199;Estadual;2301;DER-MG;26;782;0001;0;0;11974837
81;4272;;RECUPERAÇÃO DA PONTE S/ O RIO JEQUITINHONHA- DIAMANTINA - COUTO MAGALHÃES.;Iniciado;N;;;;N;999;DIVERSOS MUNICÍPIOS - ESTADUAL;3199;Estadual;2301;DER-MG;26;782;0001;0;0;1382535
81;4275;;ACESSO AO PRESÍDIO DE ITURAMA;Iniciado;N;;;;N;999;DIVERSOS MUNICÍPIOS - ESTADUAL;3199;Estadual;2301;DER-MG;26;782;0001;0;0;1000000
81;4275;;"ARAÇAÍ - SETE LAGOAS, RODOVIA MUNICIPAL";Iniciado;N;;;;N;999;DIVERSOS MUNICÍPIOS - ESTADUAL;3199;Estadual;2301;DER-MG;26;782;0001;0;0;35359853
81;4275;;"ARAGUARI (DISTRITO DE AMANHECE) - DIVISA MG/GO, NA MG-414";Iniciado;N;;;;N;999;DIVERSOS MUNICÍPIOS - ESTADUAL;3199;Estadual;2301;DER-MG;26;782;0001;0;0;13982612
81;4275;;"CAMPO VERDE (DISTRITO E NOVORIZONTE) - FRUTA DE LEITE, NA LMG-626 (LOTE 01 TSD)";Iniciado;N;;;;N;999;DIVERSOS MUNICÍPIOS - ESTADUAL;3199;Estadual;2301;DER-MG;26;782;0001;0;0;1000000
81;4275;;"COMPLEMENTAÇÃO LMG-680, TRECHO PARACATU (ENTR. LMG-690) - ENTR. ENTRE RIBEIROS - ENTR. MG-181 - (LOTE 1), SEGMENTO 1 (0 A 835), 16,70 KM E SEGMENTO 2 (835 A 1250), 8,30 KM";Iniciado;N;;;;N;999;DIVERSOS MUNICÍPIOS - ESTADUAL;3199;Estadual;2301;DER-MG;26;782;0001;0;0;10459632
81;4275;;"COMPLEMENTAÇÃO LMG-680, TRECHO PARACATU (ENTR. LMG-690) - ENTR. ENTRE RIBEIROS - ENTR. MG-181 - ESTACA 2550 A 3281";Iniciado;N;;;;N;999;DIVERSOS MUNICÍPIOS - ESTADUAL;3199;Estadual;2301;DER-MG;26;782;0001;0;0;17000000
81;4275;;"COMPLEMENTO S JANUÁRIA - PANDEIROS, NA RODOVIA MGC-479";Iniciado;N;;;;N;999;DIVERSOS MUNICÍPIOS - ESTADUAL;3199;Estadual;2301;DER-MG;26;782;0001;0;0;74941121
81;4275;;CONTORNO DE ANDRADAS (COMPLEMENTAÇÃO) - LOTE 01;Iniciado;N;;;;N;999;DIVERSOS MUNICÍPIOS - ESTADUAL;3199;Estadual;2301;DER-MG;26;782;0001;0;0;38460000
81;4275;;"ENTR. MG-181 (BRASILÂNDIA DE MINAS) - ENTR. BR-365 (BURITIZEIRO), NA MG-408 - LOTE 01";Iniciado;N;;;;N;999;DIVERSOS MUNICÍPIOS - ESTADUAL;3199;Estadual;2301;DER-MG;26;782;0001;0;0;1000000
81;4275;;"IBERTIOGA - PIEDADE DO RIO GRANDE, NA RODOVIA MG-338";Iniciado;N;;;;N;999;DIVERSOS MUNICÍPIOS - ESTADUAL;3199;Estadual;2301;DER-MG;26;782;0001;0;0;7000000
81;4275;;"INTERSEÇÃO DE ACESSO A COUTO DE MAGALHÃES DE MINAS, NA MGC-367";Iniciado;N;;;;N;999;DIVERSOS MUNICÍPIOS - ESTADUAL;3199;Estadual;2301;DER-MG;26;782;0001;0;0;1000000
81;4275;;PAVIMENTAÇÃO MG-326 (PONTE NOVA A BARRA LONGA);Iniciado;N;;;;N;999;DIVERSOS MUNICÍPIOS - ESTADUAL;3199;Estadual;2301;DER-MG;26;782;0001;0;0;82286724
81;4275;;PAVIMENTAÇÃO DA MG-314 (ENTR. MG-416 (PEÇANHA) A LMG-744 (COROACI) ENTR. VIRGOLÂNDIA);Iniciado;N;;;;N;999;DIVERSOS MUNICÍPIOS - ESTADUAL;3199;Estadual;2301;DER-MG;26;782;0001;0;0;22137718
81;4275;;PAVIMENTAÇÃO DA RODOVIA MUNICIPAL (SANTA RITA DO ITUETO A ENTR. BR-259 (RESPLENDOR));Iniciado;N;;;;N;999;DIVERSOS MUNICÍPIOS - ESTADUAL;3199;Estadual;2301;DER-MG;26;782;0001;0;0;21757581
81;4275;;"RODOVIA MG-010, TRECHO CONCEIÇÃO DO MATO DENTRO - SERRO (DISTRITO DE MATO GROSSO), COM EXTENSÃO DE 21,80 KM";Iniciado;N;;;;N;999;DIVERSOS MUNICÍPIOS - ESTADUAL;3199;Estadual;2301;DER-MG;26;782;0001;0;0;8036364
81;4275;;TRECHO ENTRº LMG-690 (PARACATU) - ENTRº ENTRE RIBEIROS (DISTRITO) - ENTRº MG-181 (ESTACA 1250 A 2000);Iniciado;N;;;;N;999;DIVERSOS MUNICÍPIOS - ESTADUAL;3199;Estadual;2301;DER-MG;26;782;0001;0;0;14063636
81;4275;;"RODOVIA MG-10 - TRECHO CONCEIÇÃO DO MATO DENTRO - SERRO (DISTRITO DE MATO GROSSO), COM EXTENSÃO DE 22,50 KM";Iniciado;N;;;;N;999;DIVERSOS MUNICÍPIOS - ESTADUAL;3199;Estadual;2301;DER-MG;26;782;0001;0;0;8100000
81;4275;;MELHORAMENTO E PAVIMENTAÇÃO DO CONTORNO DE ANDRADAS;Iniciado;N;;;;N;999;DIVERSOS MUNICÍPIOS - ESTADUAL;3199;Estadual;2301;DER-MG;26;782;0001;0;0;4804860
81;4275;;EMPREENDIMENTO EM DEFINIÇÃO JUNTO AO BANCO DO BRASIL - CONTRATO DE FINANCIAMENTO Nº 20/00020-0 (PDMG);Iniciado;N;;;;N;999;DIVERSOS MUNICÍPIOS - ESTADUAL;3199;Estadual;2301;DER-MG;26;782;0001;0;0;6000001
81;4275;;"SÃO DOMINGOS DO PRATA - DOM SILVÉRIO, NA MGC-120";Iniciado;N;;;;N;999;DIVERSOS MUNICÍPIOS - ESTADUAL;3199;Estadual;2301;DER-MG;26;782;0001;0;0;100000
81;4275;;"ITAPAGIPE - ENTR. BR-364 (CAMPINA VERDE), RODOVIA MGC-154";Iniciado;N;;;;N;999;DIVERSOS MUNICÍPIOS - ESTADUAL;3199;Estadual;2301;DER-MG;26;782;0001;0;0;6121132
81;4275;;"JABOTICATUBAS - LAGOA SANTA, RODOVIA MUNICIPAL - LOTE 01";Iniciado;N;;;;N;999;DIVERSOS MUNICÍPIOS - ESTADUAL;3199;Estadual;2301;DER-MG;26;782;0001;0;0;3541728
81;4275;;LMG-629 (RIO PARDO DE MINAS A ENTRº LMG-635) - LOTE 2;Iniciado;N;;;;N;999;DIVERSOS MUNICÍPIOS - ESTADUAL;3199;Estadual;2301;DER-MG;26;782;0001;0;0;22254062
81;4275;;"MELHORAMENTO E PAVIMENTAÇÃO DA RODOVIA LMG-706, SEGMENTO 01: ENTR. BR-040 - VARIANTE (PONTE RIO ESCURO); SEGMENTO 02: VAZAMOR - VAZANTE; SEGMENTO 03: CONTORNO DE VAZANTE - ENTR. BR-354";Iniciado;N;;;;N;999;DIVERSOS MUNICÍPIOS - ESTADUAL;3199;Estadual;2301;DER-MG;26;782;0001;0;0;1000000
81;4275;;"MONTE CARMELO (ENTR. MG-190) - ENTR. LMG-742 (CHAPADA DE MINAS P/ GRUPIARA), NA LMG-746 - LOTE 01 9,50 KM";Iniciado;N;;;;N;999;DIVERSOS MUNICÍPIOS - ESTADUAL;3199;Estadual;2301;DER-MG;26;782;0001;0;0;1000000
81;4275;;"PEÇANHA (ENTR. MG-416) - LMG-744 (COROACI), NA MG-314";Iniciado;N;;;;N;999;DIVERSOS MUNICÍPIOS - ESTADUAL;3199;Estadual;2301;DER-MG;26;782;0001;0;0;431809
81;4275;;"PEDRA BONITA - ENTR. BR-116 E INTERSEÇÃO ENTR. BR-116 (COMPLEMENTAÇÃO), RODOVIA LMG-840";Iniciado;N;;;;N;999;DIVERSOS MUNICÍPIOS - ESTADUAL;3199;Estadual;2301;DER-MG;26;782;0001;0;0;1000000
81;4275;;"SANTA RITA DO ITUETO - ENTR. BR-259 (RESPLENDOR) (COMPLEMENTAÇÃO), MUNICIPAL AMG-2320";Iniciado;N;;;;N;999;DIVERSOS MUNICÍPIOS - ESTADUAL;3199;Estadual;2301;DER-MG;26;782;0001;0;0;14356790
81;4287;;Empreendimentos do Acordo Judicial do Rio Doce;Iniciado;N;;;;N;999;DIVERSOS MUNICÍPIOS - ESTADUAL;3199;Estadual;2301;DER-MG;26;782;0001;0;0;1000
81;4289;;Empreendimentos do Acordo Judicial de Brumadinho;Iniciado;N;;;;N;999;DIVERSOS MUNICÍPIOS - ESTADUAL;3199;Estadual;2301;DER-MG;26;782;0001;0;0;1000
81;4293;;04ª URG BARBACENA;Iniciado;N;;;;N;999;DIVERSOS MUNICÍPIOS - ESTADUAL;3199;Estadual;2301;DER-MG;26;782;0001;0;0;12870000
81;4293;;20ª URG FORMIGA;Iniciado;N;;;;N;999;DIVERSOS MUNICÍPIOS - ESTADUAL;3199;Estadual;2301;DER-MG;26;782;0001;0;0;12870000
81;4293;;28ª URG TEÓFILO OTONI;Iniciado;N;;;;N;999;DIVERSOS MUNICÍPIOS - ESTADUAL;3199;Estadual;2301;DER-MG;26;782;0001;0;0;9575065
81;4293;;30ª URG JUIZ DE FORA;Iniciado;N;;;;N;999;DIVERSOS MUNICÍPIOS - ESTADUAL;3199;Estadual;2301;DER-MG;26;782;0001;0;0;12375000
81;4293;;01ª URG BELO HORIZONTE - SUL;Iniciado;N;;;;N;999;DIVERSOS MUNICÍPIOS - ESTADUAL;3199;Estadual;2301;DER-MG;26;782;0001;0;0;14850000
81;4293;;01ª URG BELO HORIZONTE - NORTE;Iniciado;N;;;;N;999;DIVERSOS MUNICÍPIOS - ESTADUAL;3199;Estadual;2301;DER-MG;26;782;0001;0;0;14850000
81;4293;;31ª URG ITUIUTABA;Iniciado;N;;;;N;999;DIVERSOS MUNICÍPIOS - ESTADUAL;3199;Estadual;2301;DER-MG;26;782;0001;0;0;9900000
81;4293;;PROGRAMA DE MICRORREVESTIMENTO ASFÁLTICO;Iniciado;N;;;;N;999;DIVERSOS MUNICÍPIOS - ESTADUAL;3199;Estadual;2301;DER-MG;26;782;0001;0;0;50000000
81;4293;;"SINALIZAÇÃO VIÁRIA VERTICAL, HORIZONTAL E DISPOSITIVOS AUXILIARES, COM FORNECIMENTO DE MATERIAIS, UTILIZAÇÃO DE EQUIPAMENTOS E MÃO-DE-OBRA ESPECIALIZADA - LOTE 1";Iniciado;N;;;;N;999;DIVERSOS MUNICÍPIOS - ESTADUAL;3199;Estadual;2301;DER-MG;26;782;0001;0;0;8151612
81;4293;;"SINALIZAÇÃO VIÁRIA VERTICAL, HORIZONTAL E DISPOSITIVOS AUXILIARES, COM FORNECIMENTO DE MATERIAIS, UTILIZAÇÃO DE EQUIPAMENTOS E MÃO-DE-OBRA ESPECIALIZADA - LOTE 2";Iniciado;N;;;;N;999;DIVERSOS MUNICÍPIOS - ESTADUAL;3199;Estadual;2301;DER-MG;26;782;0001;0;0;7488179
81;4293;;"SINALIZAÇÃO VIÁRIA VERTICAL, HORIZONTAL E DISPOSITIVOS AUXILIARES, COM FORNECIMENTO DE MATERIAIS, UTILIZAÇÃO DE EQUIPAMENTOS E MÃO-DE-OBRA ESPECIALIZADA - LOTE 3";Iniciado;N;;;;N;999;DIVERSOS MUNICÍPIOS - ESTADUAL;3199;Estadual;2301;DER-MG;26;782;0001;0;0;9608804
81;4293;;"SINALIZAÇÃO VIÁRIA VERTICAL, HORIZONTAL E DISPOSITIVOS AUXILIARES, COM FORNECIMENTO DE MATERIAIS, UTILIZAÇÃO DE EQUIPAMENTOS E MÃO-DE-OBRA ESPECIALIZADA - LOTE 4";Iniciado;N;;;;N;999;DIVERSOS MUNICÍPIOS - ESTADUAL;3199;Estadual;2301;DER-MG;26;782;0001;0;0;8168067
81;4293;;CONSERVAÇÃO DA MALHA VIÁRIA DAS 40ª URG'S;Iniciado;N;;;;N;999;DIVERSOS MUNICÍPIOS - ESTADUAL;3199;Estadual;2301;DER-MG;26;782;0001;0;0;571386707
81;4293;;MANUTENÇÃO LINHA VERDE E COMPLEXO CIDADE ADMINISTRATIVA;Iniciado;N;;;;N;999;DIVERSOS MUNICÍPIOS - ESTADUAL;3199;Estadual;2301;DER-MG;26;782;0001;0;0;15000000
81;4293;;REALINHAMENTO DE PREÇOS DO FORNECIMENTO DO MATERIAL BETUMINOSO;Iniciado;N;;;;N;999;DIVERSOS MUNICÍPIOS - ESTADUAL;3199;Estadual;2301;DER-MG;26;782;0001;0;0;1406178
81;4293;;"CONTRATAÇÃO DE EMPRESA PARA EXECUÇÃO DE SERVIÇOS DE NATUREZA CONTÍNUA DE SINALIZAÇÃO VIÁRIA VERTICAL, HORIZONTAL E DISPOSITIVOS AUXILIARES, EM REGIME DE EMPREITADA POR PREÇO UNITÁRIO, COM FORNECIMENTO DE MATERIAIS, UTILIZAÇÃO DE EQUIPAMENTOS E MÃO-DE";Iniciado;N;;;;N;999;DIVERSOS MUNICÍPIOS - ESTADUAL;3199;Estadual;2301;DER-MG;26;782;0001;0;0;19448656
81;4385;;RECUPERAÇÃO FUNCIONAL MG-232 (BRAÚNAS (DIV. 40ª/ 2ª) - IPATINGA);Iniciado;N;;;;N;999;DIVERSOS MUNICÍPIOS - ESTADUAL;3199;Estadual;2301;DER-MG;26;782;0001;0;0;1000000
81;4385;;"RECUPERAÇÃO FUNCIONAL MGC-259 ( SABINÓPOLIS - SERRO, GUANHÃES - SABINÓPOLIS E ALVORADA MINAS - SERRO) *";Iniciado;N;;;;N;999;DIVERSOS MUNICÍPIOS - ESTADUAL;3199;Estadual;2301;DER-MG;26;782;0001;0;0;30000000
81;4385;;RECUPERAÇÃO FUNCIONAL MGC-455 (PIRAJUBA - ENTRº BR-364 (PLANURA);Iniciado;N;;;;N;999;DIVERSOS MUNICÍPIOS - ESTADUAL;3199;Estadual;2301;DER-MG;26;782;0001;0;0;1000000
139;4280;;PONTO CRÍTICO: ENTRº BR-040 (BARREIRA DOTRIUNFO) - ENTRº MG-353 (GOIANÁ);Iniciado;N;;;;N;999;DIVERSOS MUNICÍPIOS - ESTADUAL;3199;Estadual;2301;DER-MG;26;782;0001;0;0;4000000
139;4280;;PONTO CRÍTICO: ENTRº P/ MARIA DA FÉ - INÍCIO DO PERÍMETRO URBANO DE ITAJUBÁ (2  PONTOS);Iniciado;N;;;;N;999;DIVERSOS MUNICÍPIOS - ESTADUAL;3199;Estadual;2301;DER-MG;26;782;0001;0;0;4000000
139;4280;;PONTO CRÍTICO: PALMÓPOLIS - RIO DO PRADO (6 PONTOS)/ PONTE SOBRE O RIBEIRÃO JOSÉ FERREIRA (1 PONTO);Iniciado;N;;;;N;999;DIVERSOS MUNICÍPIOS - ESTADUAL;3199;Estadual;2301;DER-MG;26;782;0001;0;0;1000000
7;4006;;Construção da escola do Brasil Profissionalizado no município de Unaí-MG;Paralisado;S;130;METRO QUADRADO;5000;N;593;UNAÍ;3112;Região Intermediária de Patos de Minas;2311;UNIMONTES;12;363;0001;0;5000000;0
87;4222;;Projetos em unidade diversas ;Execução;N;;;;N;13;BELO HORIZONTE;3101;Região Intermediária de Belo Horizonte;2321;HEMOMINAS;10;302;0001;0;800291;0
87;4222;;Projetos em unidade diversas ;Execução;N;;;;N;15;BETIM;3101;Região Intermediária de Belo Horizonte;2321;HEMOMINAS;10;302;0001;0;174673;0
87;4222;11877;Contrato a obra de reforma e ampliação;Iniciado;N;;;;S;142;SÃO JOÃO DEL REI;3107;Região Intermediária de Barbacena;2321;HEMOMINAS;10;302;0001;0;1088908;0
767;2114;;Possível obras de adequação da sede.;Iniciado;N;;;;N;13;BELO HORIZONTE;3101;Região Intermediária de Belo Horizonte;2361;IPLEMG;09;274;0001;0;0;2754406
78;4238;;Reestruturação física e ampliação do Laboratório de Química Agropecuária do Instituto Mineiro de Agropecuária - IMA;Iniciado;N;;;;N;13;BELO HORIZONTE;3101;Região Intermediária de Belo Horizonte;2371;IMA;20;609;0001;0;0;8311374
101;1016;;Perfuração de Sistemas de Abastecimento de Agua conforme demanda dos municípios atendidos pelo IDENE;Iniciado;N;;;;N;649;MONTES CLAROS;3102;Região Intermediária de Montes Claros;2421;IDENE;08;544;0001;0;0;477508
15;4016;;"Instalações do curso de Agropecuária de Precisão, com 1.070 m² de área total, além de 5 unidades de tratamento de águas residuárias.";Iniciado;N;;;;N;999;DIVERSOS MUNICÍPIOS - ESTADUAL;3199;Estadual;3051;EPAMIG;12;364;0001;0;4825656;0
15;4016;;"Construção de novas instalações no Instituto Tecnológico de Agropecuária de Pitangui - ITAP, totalizando 3.214 m², para salas de aula, plantas-piloto de produção e laboratórios de apoio.";Iniciado;N;;;;N;999;DIVERSOS MUNICÍPIOS - ESTADUAL;3199;Estadual;3051;EPAMIG;12;364;0001;0;12649000;0
15;4016;;"Reforma do edifício histórico do Instituto de Laticínios Cândido Tostes, localizado no município dde juiz de Fora. ";Iniciado;N;;;;N;999;DIVERSOS MUNICÍPIOS - ESTADUAL;3199;Estadual;3051;EPAMIG;12;364;0001;0;3715000;0
16;4018;;Melhoria na infraestrutura das unidades de pesquisa.;Iniciado;N;;;;N;999;DIVERSOS MUNICÍPIOS - ESTADUAL;3199;Estadual;3051;EPAMIG;19;571;0001;0;0;250000
706;2091;12054; Construção do novo prédio do Fórum da Comarca de Betim/MG;Execução;S;207;UNIDADE;1;S;15;BETIM;3101;Região Intermediária de Belo Horizonte;4031;FEPJ;02;061;0001;0;0;11016496
706;2091;12806;Campo Belo/MG - Construção do novo Fórum da Comarca de Campo Belo;Execução;S;207;UNIDADE;1;S;529;CAMPO BELO;3108;Região Intermediária de Varginha;4031;FEPJ;02;061;0001;0;0;19994210
706;2091;12638;Obra de construção do novo Fórum da Comarca de Carangola.;Execução;S;207;UNIDADE;1;S;182;CARANGOLA;3106;Região Intermediária de Juíz de Fora;4031;FEPJ;02;061;0001;0;0;12843388
706;2091;12400; Contrato a execução da obra de reforma e ampliação do Fórum da Comarca de Ipatinga/MG;Execução;S;207;UNIDADE;1;S;794;IPATINGA;3105;Região Intermediária de Ipatinga;4031;FEPJ;02;061;0001;0;0;18849069
706;2091;12288; Reforma e Ampliação do Fórum da Comarca de Monte Belo/MG;Execução;S;207;UNIDADE;1;S;399;MONTE BELO;3108;Região Intermediária de Varginha;4031;FEPJ;02;061;0001;0;0;1950000
706;2091;12816;Obra de construção do novo Fórum da Comarca de Pirapora/MG;Execução;S;207;UNIDADE;1;S;660;PIRAPORA;3102;Região Intermediária de Montes Claros;4031;FEPJ;02;061;0001;0;0;22776109
706;2091;12781;Construção do novo fórum da Comarca de São Gonçalo do Sapucaí/MG;Execução;S;207;UNIDADE;1;S;427;SÃO GONÇALO DO SAPUCAÍ;3108;Região Intermediária de Varginha;4031;FEPJ;02;061;0001;0;0;14670005
706;2091;12799;Construção do novo Fórum da Comarca de Timóteo/MG ;Execução;S;207;UNIDADE;1;S;848;TIMÓTEO;3105;Região Intermediária de Ipatinga;4031;FEPJ;02;061;0001;0;0;19506288
706;2091;12833;Obra de construção do novo Fórum da Comarca de Rio Novo.;Iniciado;S;207;UNIDADE;1;S;257;RIO NOVO;3106;Região Intermediária de Juíz de Fora;4031;FEPJ;02;061;0001;0;0;4976096
706;2091;12629;Obra de construção do novo Fórum da Comarca de Luz.;Iniciado;S;207;UNIDADE;1;S;553;LUZ;3113;Região Intermediária de Divinópolis;4031;FEPJ;02;061;0001;0;0;7654409
706;2091;12607;Reforma e ampliação do Fórum da Comarca de Sete Lagoas/MG.;Execução;S;207;UNIDADE;1;S;154;SETE LAGOAS;3101;Região Intermediária de Belo Horizonte;4031;FEPJ;02;061;0001;0;0;32235085
706;2091;12639;Obra de construção do novo Fórum da Comarca de Três Pontas;Execução;S;207;UNIDADE;1;S;451;TRÊS PONTAS;3108;Região Intermediária de Varginha;4031;FEPJ;02;061;0001;0;0;9489687
706;2091;11547;RETOMADA DA OBRA DE CONSTRUÇÃO DO NOVO PRÉDIO DO FÓRUM DA COMARCA DE ITAJUBÁ/MG;Iniciado;S;207;UNIDADE;1;S;378;ITAJUBÁ;3109;Região Intermediária de Pouso Alegre;4031;FEPJ;02;061;0001;0;0;9366263
706;2091;12856;Retomada da obra de construção do novo Fórum da Comarca de Poços de Caldas.;Iniciado;S;207;UNIDADE;1;S;418;POÇOS DE CALDAS;3109;Região Intermediária de Pouso Alegre;4031;FEPJ;02;061;0001;0;0;11009635
706;2091;12344;Construção do novo prédio do Fórum da Comarca de Camanducaia/MG;Iniciado;S;207;UNIDADE;1;S;326;CAMANDUCAIA;3109;Região Intermediária de Pouso Alegre;4031;FEPJ;02;061;0001;0;0;4627222
706;2091;;Obra de construção do novo Fórum da Comarca de São João do Paraíso;Iniciado;S;207;UNIDADE;1;N;676;SÃO JOÃO DO PARAÍSO;3102;Região Intermediária de Montes Claros;4031;FEPJ;02;061;0001;0;0;7290196
706;2091;;Implantação do Fórum Digital no município de Brasilândia de Minas;Iniciado;S;207;UNIDADE;1;N;580;BRASILÂNDIA DE MINAS;3112;Região Intermediária de Patos de Minas;4031;FEPJ;02;061;0001;0;0;1373680
706;2091;;Implantação do Fórum Digital no município de São Gonçalo do Abaeté;Iniciado;S;207;UNIDADE;1;N;592;SÃO GONÇALO DO ABAETÉ;3112;Região Intermediária de Patos de Minas;4031;FEPJ;02;061;0001;0;0;1373680
706;2091;;Implantação do Fórum Digital no município de Ponto Chique;Iniciado;S;207;UNIDADE;1;N;661;PONTO CHIQUE;3102;Região Intermediária de Montes Claros;4031;FEPJ;02;061;0001;0;0;1760000
706;2091;12627;Execução da 4ª (quarta) parcela da reforma parcial do Edifício-Sede do TRIBUNAL.;Execução;S;207;UNIDADE;1;S;13;BELO HORIZONTE;3101;Região Intermediária de Belo Horizonte;4031;FEPJ;02;061;0001;0;0;38084213
706;2091;12146;"Reforma geral do Fórum Lafayette, em Belo Horizonte/MG";Execução;S;207;UNIDADE;1;S;13;BELO HORIZONTE;3101;Região Intermediária de Belo Horizonte;4031;FEPJ;02;061;0001;0;0;135013067
706;2091;12703;"Cincão - Reforma parcial para adequações da estrutura física dos Armazéns 6, 7 e 8, Galpão 2, Arquivo Central e Permanente";Execução;S;207;UNIDADE;1;S;13;BELO HORIZONTE;3101;Região Intermediária de Belo Horizonte;4031;FEPJ;02;061;0001;0;0;1052449
706;2091;;Obra de construção do novo Fórum da Comarca de Monte Alegre de Minas;Iniciado;S;207;UNIDADE;1;N;480;MONTE ALEGRE DE MINAS;3111;Região Intermediária de Uberlândia;4031;FEPJ;02;061;0001;0;0;6139672
133;3017;;CENTRO DE CULTURA PRESIDENTE ITAMAR FRANCO;Iniciado;N;;;;N;999;DIVERSOS MUNICÍPIOS - ESTADUAL;3199;Estadual;5011;CODEMIG;04;122;0001;0;0;800000
133;3015;;BALNEÁRIO ÁGUAS SANTAS - TIRADENTES/MG | BARREIO DE ARAXÁ;Iniciado;N;;;;N;999;DIVERSOS MUNICÍPIOS - ESTADUAL;3199;Estadual;5031;CODEMGE;19;572;0001;0;0;4782988
30;6006;;"ELABORAÇÃO E EXECUÇÃO DE PROJETOS RELACIONADOS À REFORMA, MODERNIZAÇÃO E ADEQUAÇÃO DAS INSTALAÇÕES PREDIAIS DA COMPANHIA.";Iniciado;N;;;;N;999;DIVERSOS MUNICÍPIOS - ESTADUAL;3199;Estadual;5141;PRODEMGE;04;126;0001;0;0;16317109
133;3018;;Projeto de Expansão;Execução;N;;;;N;13;BELO HORIZONTE;3101;Região Intermediária de Belo Horizonte;5251;GASMIG;25;121;0001;0;0;457766318
92;3004;;Expansão e Aquisição do Sistema de Transmissão ;Iniciado;N;;;;N;854;DIVERSOS MUNICÍPIOS - REGIÃO INTERMEDIÁRIA DE BELO HORIZONTE;3101;Região Intermediária de Belo Horizonte;5391;CEMIG GERAÇÃO E TRANSMISSÃO;25;752;0001;0;0;92004926
92;3004;;Expansão e Aquisição do Sistema de Transmissão ;Iniciado;N;;;;N;855;DIVERSOS MUNICÍPIOS - REGIÃO INTERMEDIÁRIA DE MONTES CLAROS;3102;Região Intermediária de Montes Claros;5391;CEMIG GERAÇÃO E TRANSMISSÃO;25;752;0001;0;0;10705994
92;3004;;Expansão e Aquisição do Sistema de Transmissão ;Iniciado;N;;;;N;859;DIVERSOS MUNICÍPIOS - REGIÃO INTERMEDIÁRIA DE JUÍZ DE FORA;3106;Região Intermediária de Juíz de Fora;5391;CEMIG GERAÇÃO E TRANSMISSÃO;25;752;0001;0;0;10464844
92;3004;;Expansão e Aquisição do Sistema de Transmissão ;Iniciado;N;;;;N;864;DIVERSOS MUNICÍPIOS - REGIÃO INTERMEDIÁRIA DE UBERLÂNDIA;3111;Região Intermediária de Uberlândia;5391;CEMIG GERAÇÃO E TRANSMISSÃO;25;752;0001;0;0;2098278
92;3004;;Expansão e Aquisição do Sistema de Transmissão ;Iniciado;N;;;;N;999;DIVERSOS MUNICÍPIOS - ESTADUAL;3199;Estadual;5391;CEMIG GERAÇÃO E TRANSMISSÃO;25;752;0001;0;0;96721858
92;3004;;Expansão e Aquisição do Sistema de Transmissão ;Iniciado;N;;;;N;863;DIVERSOS MUNICÍPIOS - REGIÃO INTERMEDIÁRIA DE UBERABA;3110;Região Intermediária de Uberaba;5391;CEMIG GERAÇÃO E TRANSMISSÃO;25;752;0001;0;0;16415074
92;3004;;Expansão e Aquisição do Sistema de Transmissão ;Iniciado;N;;;;N;858;DIVERSOS MUNICÍPIOS - REGIÃO INTERMEDIÁRIA DE IPATINGA;3105;Região Intermediária de Ipatinga;5391;CEMIG GERAÇÃO E TRANSMISSÃO;25;752;0001;0;0;1
92;3005;;Reformas de Subestações e Linhas de Transmissão;Iniciado;N;;;;N;854;DIVERSOS MUNICÍPIOS - REGIÃO INTERMEDIÁRIA DE BELO HORIZONTE;3101;Região Intermediária de Belo Horizonte;5391;CEMIG GERAÇÃO E TRANSMISSÃO;25;752;0001;0;0;126817302
92;3005;;Reformas de Subestações e Linhas de Transmissão;Iniciado;N;;;;N;855;DIVERSOS MUNICÍPIOS - REGIÃO INTERMEDIÁRIA DE MONTES CLAROS;3102;Região Intermediária de Montes Claros;5391;CEMIG GERAÇÃO E TRANSMISSÃO;25;752;0001;0;0;16058991
92;3005;;Reformas de Subestações e Linhas de Transmissão;Iniciado;N;;;;N;859;DIVERSOS MUNICÍPIOS - REGIÃO INTERMEDIÁRIA DE JUÍZ DE FORA;3106;Região Intermediária de Juíz de Fora;5391;CEMIG GERAÇÃO E TRANSMISSÃO;25;752;0001;0;0;65795530
92;3005;;Reformas de Subestações e Linhas de Transmissão;Iniciado;N;;;;N;864;DIVERSOS MUNICÍPIOS - REGIÃO INTERMEDIÁRIA DE UBERLÂNDIA;3111;Região Intermediária de Uberlândia;5391;CEMIG GERAÇÃO E TRANSMISSÃO;25;752;0001;0;0;44156794
92;3005;;Reformas de Subestações e Linhas de Transmissão;Iniciado;N;;;;N;999;DIVERSOS MUNICÍPIOS - ESTADUAL;3199;Estadual;5391;CEMIG GERAÇÃO E TRANSMISSÃO;25;752;0001;0;0;140716908
92;3005;;Reformas de Subestações e Linhas de Transmissão;Iniciado;N;;;;N;858;DIVERSOS MUNICÍPIOS - REGIÃO INTERMEDIÁRIA DE IPATINGA;3105;Região Intermediária de Ipatinga;5391;CEMIG GERAÇÃO E TRANSMISSÃO;25;752;0001;0;0;8715687
92;3005;;Reformas de Subestações e Linhas de Transmissão;Iniciado;N;;;;N;863;DIVERSOS MUNICÍPIOS - REGIÃO INTERMEDIÁRIA DE UBERABA;3110;Região Intermediária de Uberaba;5391;CEMIG GERAÇÃO E TRANSMISSÃO;25;752;0001;0;0;24622611
94;3001;;Expansão do Sistema de Geração;Iniciado;N;;;;N;999;DIVERSOS MUNICÍPIOS - ESTADUAL;3199;Estadual;5391;CEMIG GERAÇÃO E TRANSMISSÃO;25;752;0001;0;0;1000
