Ano;Unidade Orçamentária;Nome Unidade Orçamentária;Sigla da UO;Fonte Investimento;Valor 2027
2027;5251;COMPANHIA DE GÁS DE MINAS GERAIS;GASMIG;51000;457766318
2027;5401;CEMIG DISTRIBUIÇÃO S.A;CEMIG DISTRIBUIDORA;51000;5570404894
2027;5121;COMPANHIA ENERGÉTICA DE MINAS GERAIS;CEMIG HOLDING;51000;5283465
2027;5201;BANCO DE DESENVOLVIMENTO DE MINAS GERAIS S.A;BDMG;12400;1123941920
2027;5191;MINAS GERAIS PARTICIPAÇÕES S.A;MGI;51000;1220500
2027;5131;AGÊNCIA DE PROMOÇÃO DE INVESTIMENTOS DE MINAS GERAIS;INVEST MINAS;51000;323000
2027;5191;MINAS GERAIS PARTICIPAÇÕES S.A;MGI;11101;2000
2027;5141;COMPANHIA DE TECNOLOGIA DA INFORMAÇÃO DO ESTADO DE MINAS GERAIS;PRODEMGE;51000;74348446
2027;5011;COMPANHIA DE DESENVOLVIMENTO ECONÔMICO DE MINAS GERAIS;CODEMIG;51000;1600000
2027;5031;COMPANHIA DE DESENVOLVIMENTO DE MINAS GERAIS;CODEMGE;51000;26830404
2027;5381;MINAS GERAIS ADMINISTRAÇÃO E SERVIÇOS S.A;MGS;11101;1000
2027;5381;MINAS GERAIS ADMINISTRAÇÃO E SERVIÇOS S.A;MGS;51000;18017430
2027;5391;CEMIG GERAÇÃO E TRANSMISSÃO S.A;CEMIG GERAÇÃO E TRANSMISSÃO;51000;1974439120
2027;5261;TREM METROPOLITANO DE BELO HORIZONTE S.A;TREM METROPOLITANO;11101;1000
2027;5071;COMPANHIA DE HABITAÇÃO DO ESTADO DE MINAS GERAIS;COHAB;51000;36608798