uo_cod,funcao_cod,subfuncao_cod,programa_cod,acao_cod,subprojeto_subatividade_cod,iag_cod,numero_da_obra_sisor,numero_da_obra_siad,descricao_da_obra,status_da_obra,unidade_de_medida_da_obra,quantidade,alterar_unidade_de_medida_da_obra,regiao_geografica_intermediaria,municipio,vlr_tesouro_ano0,vlr_outros_ano0,vlr_tesouro_ano1,vlr_outros_ano1,vlr_tesouro_ano2,vlr_outros_ano2,vlr_tesouro_ano3,vlr_outros_ano3
1091,03,062,714,1064,0001,0,,,Convênio 053/2022 junto à Prefeitura Municipal de Mariana para construção da sede própria,INICIANDO,,,Não,Estadual,DIVERSOS MUNICÍPIOS - ESTADUAL,0.00,2000000.00,,,,,,
1091,03,062,714,1064,0001,0,,,Convênio a ser firmado com Prefeitura para construção da sede própria.,INICIANDO,,,Não,Estadual,DIVERSOS MUNICÍPIOS - ESTADUAL,0.00,2500000.00,,,,,,
1091,03,062,714,1064,0001,0,,,Convênio 19.16.0258.0144707/2023-66 junto à Prefeitura Municipal de Passos para construção da sede própria.,INICIANDO,,,Não,Estadual,DIVERSOS MUNICÍPIOS - ESTADUAL,0.00,2000000.00,,,,,,
1261,12,368,168,4519,0001,1,,,"OBRA PARA REFORÇO ESTRUTURAL, REFORMA E AMPLIAÇÃO - EE ABRE CAMPO",INICIANDO,,,Não,Região Intermediária de Juíz de Fora,ABRE CAMPO,380000.00,0.00,,,,,,
1261,12,368,168,4519,0001,1,,,"OBRA DE COMBATE A INCÊNDIO DE TODO O COMPLEXO E ACESSIBILIDADE NO CAMPUS GAMELEIRA - PRÉDIOS A,B,C,D (INCLUNDO MUSEU ESCOLA ANA MARIA CASASANTA PEIXOTO E MUSEU LEOPOLDO CATHOUD) E EE LEON RENAULT",INICIANDO,,,Não,Região Intermediária de Belo Horizonte,BELO HORIZONTE,653600.00,0.00,,,,,,
1261,12,368,168,4519,0001,1,,,"REFORMA GERAL, RESTAURAÇÃO E RECUPERAÇÃO ESTRUTURAL EE GETÚLIO VARGAS",INICIANDO,,,Não,Região Intermediária de Belo Horizonte,BELO HORIZONTE,332120.00,0.00,,,,,,
1261,12,368,168,4519,0001,1,,,OBRA PARA RESTAURAÇÃO DO PRÉDIO EE JOSÉ BONIFÁCIO,INICIANDO,,,Não,Região Intermediária de Belo Horizonte,BELO HORIZONTE,1033600.00,0.00,,,,,,
1261,12,368,168,4519,0001,1,,,PROJETOS EXECUTIVOS PARA REFORMA E RESTAURAÇÃO EE OLEGÁRIO MACIEL,INICIANDO,,,Não,Região Intermediária de Belo Horizonte,BELO HORIZONTE,59660.00,0.00,,,,,,
1261,12,368,168,4519,0001,1,,,OBRA PARA REFORMA E RESTAURAÇÃO EE OLEGÁRIO MACIEL,INICIANDO,,,Não,Região Intermediária de Belo Horizonte,BELO HORIZONTE,83600.00,0.00,,,,,,
1261,12,368,168,4519,0001,1,,,OBRAS DE REFORMA GERAL EE PROF CAETANO AZEREDO,INICIANDO,,,Não,Região Intermediária de Belo Horizonte,BELO HORIZONTE,805600.00,0.00,,,,,,
1261,12,368,168,4519,0001,1,,,"OBRA PARA REGULARIZAÇÃO DO PROCESSO DE SEGURANÇA CONTRA INCÊNDIO E PÂNICO (PSCIP), ADEQUAÇÃO À ACESSIBILIDADE EE PEDRO II",INICIANDO,,,Não,Região Intermediária de Belo Horizonte,BELO HORIZONTE,387600.00,0.00,,,,,,
1261,12,368,168,4519,0001,1,,,OBRA PARA REFORMA E RESTAURAÇÃO (SOLUÇÃO DE PROBLEMAS ESTRUTURAIS) EE SANDOVAL AZEVEDO,INICIANDO,,,Não,Região Intermediária de Belo Horizonte,BELO HORIZONTE,251560.00,0.00,,,,,,
1261,12,368,168,4519,0001,1,,,"OBRA DE REFORMA GERAL/RESTAURAÇÃO (MENOS TELHADO DA CASA MODELO, MURO DE ARRIMO) EE SÃO RAFAEL",INICIANDO,,,Não,Região Intermediária de Belo Horizonte,BELO HORIZONTE,2121920.00,0.00,,,,,,
1261,12,368,168,4519,0001,1,,,OBRA DE REFORMA - ESTRUTURA ESCOLA GUIGNARD UEMG,INICIANDO,,,Não,Região Intermediária de Belo Horizonte,BELO HORIZONTE,1929640.00,0.00,,,,,,
1261,12,368,168,4519,0001,1,,,OBRAS DE REFORMA E RESTAURAÇÃO DOS PRÉDIOS INSTITUTO DE EDUCAÇÃO DE MINAS GERAIS - IEMG,EXECUÇÃO,,,Não,Região Intermediária de Belo Horizonte,BELO HORIZONTE,3040000.00,0.00,,,,,,
1261,12,368,168,4519,0001,1,,,"OBRA PARA REFORMA, DO PRÉDIO DO ANTIGO AUDITÓRIO DO CAMPUS DA SEE-  GAMELEIRA, PARA ABRIGAR A NOVA SEDE DA SRE MET B - SEDE DA SRE MET B - AUDITÓRIO GAMELEIRA",INICIANDO,,,Não,Região Intermediária de Belo Horizonte,BELO HORIZONTE,3025160.00,0.00,,,,,,
1261,12,368,168,4519,0001,1,,,OBRA  PARA REFORMA/RESTAURAÇÃO EE SÃO JOAQUIM,INICIANDO,,,Não,Região Intermediária de Belo Horizonte,CONCEIÇÃO DO MATO DENTRO,2105200.00,0.00,,,,,,
1261,12,368,168,4519,0001,1,,,"OBRA DE ESTRUTURA E OUTRAS, EM PRÉDIO TOMBADO",EXECUÇÃO,,,Não,Região Intermediária de Belo Horizonte,CORDISBURGO,260300.00,0.00,,,,,,
1261,12,368,168,4519,0001,1,,,OBRA PARA REFORMA E SOLUÇÃO DE PROBLEMAS ESTRUTURAIS EE ODILON BEHRENS,INICIANDO,,,Não,Região Intermediária de Governador Valadares,GUANHÃES,1705060.00,0.00,,,,,,
1261,12,368,168,4519,0001,1,,, OBRA PARA SOLUÇÃO DE DESLIZAMENTO DE TERRA DE PARTE DO TALUDE E A RUPTURA DE PARTE DO MURO DIVISÓRIO INTERNO EE SELIM JOSÉ DE SALES,INICIANDO,,,Não,Região Intermediária de Ipatinga,IPATINGA,190000.00,0.00,,,,,,
1261,12,368,168,4519,0001,1,,,OBRAS PARA RESTAURAÇÃO DO PRÉDIO EE WENCESLAU BRAZ,INICIANDO,,,Não,Região Intermediária de Pouso Alegre,ITAJUBÁ,2420600.00,0.00,,,,,,
1261,12,368,168,4519,0001,1,,,OBRA PARA REFORMA E CONTENÇÃO E ESTABILIDADE DE TALUDE E DO PRÉDIO EE SÃO JOSÉ,INICIANDO,,,Não,Região Intermediária de Juíz de Fora,ALÉM PARAÍBA,691600.00,0.00,,,,,,
1261,12,368,168,4519,0001,1,,,OBRA PARA RESTAURAÇÃO DO PRÉDIO EE RAUL SOARES,INICIANDO,,,Não,Região Intermediária de Uberlândia,ARAGUARI,380000.00,0.00,,,,,,
1261,12,368,168,4519,0001,1,,,OBRA PARA REFORMA GERAL E RESTAURAÇÃO EE AFONSO PENA,EXECUÇÃO,,,Não,Região Intermediária de Belo Horizonte,BELO HORIZONTE,1194340.00,0.00,,,,,,
1261,12,368,168,4519,0001,1,,,"REFORMA GERAL, RESTAURAÇÃO E RECUPERAÇÃO ESTRUTURAL EE FRANCISCO SALES",INICIANDO,,,Não,Região Intermediária de Belo Horizonte,BELO HORIZONTE,407740.00,0.00,,,,,,
1261,12,368,168,4519,0001,1,,,OBRA PARA REFORMA E RESTAURAÇÃO COMPLEMENTARES - UNIDADE I EE GOV MILTON CAMPOS,INICIANDO,,,Não,Região Intermediária de Belo Horizonte,BELO HORIZONTE,1102000.00,0.00,,,,,,
1261,12,368,168,4519,0001,1,,,OBRA PARA TALUDE E MURO EE PROFA MARIA AMÉLIA GUIMARÃES,INICIANDO,,,Não,Região Intermediária de Belo Horizonte,BELO HORIZONTE,190000.00,0.00,,,,,,
1261,12,368,168,4519,0001,1,,,"RESTAURAÇÃO, CONSERVAÇÃO E PRESERVAÇÃO ANTIGA ESCOLA DE APRENDIZES MARINHEIROS E CASA DO COMANDANTE - FUCAM (EE PROFESSORA MARIETA AMORIM VIEIRA)",INICIANDO,,,Não,Região Intermediária de Montes Claros,BURITIZEIRO,235600.00,0.00,,,,,,
1261,12,368,168,4519,0001,1,,,ATENDIMENTOS ESCOLAS ESTADUAIS - CAIXAS ESCOLARES E CONVÊNIOS,INICIANDO,,,Não,Estadual,DIVERSOS MUNICÍPIOS - ESTADUAL,250000000.00,0.00,,,,,,
1261,12,368,168,4519,0001,1,,,"OBRA - PROBLEMAS ESTRUTURAIS, ALÉM DE REFORMA E AMPLIAÇÃO DO PRÉDIO EE DR LAURO CORREA DO AMARAL",INICIANDO,,,Não,Região Intermediária de Varginha,GUAPÉ,387600.00,0.00,,,,,,
1261,12,368,168,4519,0001,1,,,CONCLUSÃO DA OBRA DE CONTENÇÃO DE TALUDE E RECUPERAÇÕES NA CONSTRUÇÃO EE ANTÔNIO MARINHO CAMPOS,INICIANDO,,,Não,Região Intermediária de Belo Horizonte,IBIRITÉ,361760.00,0.00,,,,,,
1261,12,368,168,4519,0001,1,,,"OBRA DE CONTENÇÃO, REFORMA E REFORÇO ESTRUTURAL DO PRÉDIO EE ANTÔNIO PAPINI",INICIANDO,,,Não,Região Intermediária de Ipatinga,JOÃO MONLEVADE,218500.00,0.00,,,,,,
1261,12,368,168,4519,0001,1,,,OBRA PARA REFORMA/RESTAURAÇÃO E  REPAROS ESTRUTURAIS EE DUQUE DE CAXIAS,INICIANDO,,,Não,Região Intermediária de Juíz de Fora,JUIZ DE FORA,1976000.00,0.00,,,,,,
1261,12,368,168,4519,0001,1,,,OBRA DE CONSTRUÇÃO DA SEDESEDE DA SRE DE MONTES CLAROS,INICIANDO,,,Não,Região Intermediária de Montes Claros,MONTES CLAROS,805600.00,0.00,,,,,,
1261,12,368,168,4519,0001,1,,,OBRAS DE CONTENÇÃO EE AUGUSTO DE LIMA,INICIANDO,,,Não,Região Intermediária de Belo Horizonte,NOVA LIMA,760000.00,0.00,,,,,,
1261,12,368,168,4519,0001,1,,,"OBRA PARA SOLUÇÃO DE PROBLEMAS  ESTRUTURAIS NO EDIFÍCIO, INCLUINDO INFILTRAÇÃO NAS PAREDES, DETERIORAÇÃO DO GUARDA-CORPO NA FACHADA, ABATIMENTO NO PISO, ASSOALHO DANIFICADO E INCLINAÇÃO DA FACHADA.EE PROFESSOR PINHEIRO CAMPOS",INICIANDO,,,Não,Região Intermediária de Divinópolis,OLIVEIRA,653600.00,0.00,,,,,,
1261,12,368,168,4519,0001,1,,,REFORMA GERAL E RESTAURAÇÃO EE DOM PEDRO II,EXECUÇÃO,,,Não,Região Intermediária de Belo Horizonte,OURO PRETO,1204600.00,0.00,,,,,,
1261,12,368,168,4519,0001,1,,,OBRA PARA RESTAURAÇÃO EE PROFESSOR ANTÔNIO DIAS MACIEL,INICIANDO,,,Não,Região Intermediária de Patos de Minas,PATOS DE MINAS,1927740.00,0.00,,,,,,
1261,12,368,168,4519,0001,1,,,OBRA RESTAURAÇÃO INSTITUTO DE EDUCAÇÃO DE JUIZ DE FORA,INICIANDO,,,Não,Região Intermediária de Juíz de Fora,JUIZ DE FORA,653600.00,0.00,,,,,,
1261,12,368,168,4519,0001,1,,,OBRA - PROBLEMAS REFERENTES À CONTENÇÃO DE TALUDE E DRENAGEM PLUVIALEE HENRIQUE BURNIER,INICIANDO,,,Não,Região Intermediária de Juíz de Fora,JUIZ DE FORA,19000.00,0.00,,,,,,
1261,12,368,168,4519,0001,1,,,OBRA - PROBLEMAS REFERENTES À CONTENÇÃO DE TALUDE E DRENAGEM PLUVIALEE BATISTA DE OLIVEIRA,INICIANDO,,,Não,Região Intermediária de Juíz de Fora,JUIZ DE FORA,19000.00,0.00,,,,,,
1261,12,368,168,4519,0001,1,,,"OBRA REFORMA, RESTAURAÇÃO E AMPLIAÇÃOEE ANA ROCHA (PREDIO EE FREI LEOPOLDO)",INICIANDO,,,Não,Região Intermediária de Patos de Minas,MATUTINA,1318600.00,0.00,,,,,,
1261,12,368,168,4519,0001,1,,,"OBRA PARA REFORMA DA EDIFICAÇÃO E EXECUÇÃO DAS OBRAS DE ESTABILIZAÇÃO DE TALUDE, REFORÇO DA CONTENÇÃO E CONSTRUÇÃO DE NOVO MURO DE DIVISA EE JULIETA DE OLIVEIRA MACEDO",EXECUÇÃO,,,Não,Região Intermediária de Juíz de Fora,MURIAÉ,653600.00,0.00,,,,,,
1261,12,368,168,4519,0001,1,,,CONSTRUÇÃO DE PRÉDIO DA SEDE DA SRE DE MURIAÉ,INICIANDO,,,Não,Região Intermediária de Juíz de Fora,MURIAÉ,19000.00,0.00,,,,,,
1261,12,368,168,4519,0001,1,,,OBRA DE REFORMA SEDE DA SRE DE NOVA ERA,INICIANDO,,,Não,Região Intermediária de Ipatinga,NOVA ERA,19000.00,0.00,,,,,,
1261,12,368,168,4519,0001,1,,,OBRAS PARA PROBLEMAS ESTRUTURAIS NO AUDITÓRIO (ESTRUTURA PISO E TELHADO) - REFORMA GERAL E RESTAURAÇÃO - PRÉDIO TOMBADOEE FRANCISCO FERNANDES,INICIANDO,,,Não,Região Intermediária de Divinópolis,OLIVEIRA,760000.00,0.00,,,,,,
1261,12,368,168,4519,0001,1,,,OBRA PARA REFORMA GERAL / RESTAURAÇÃO EE CONSELHEIRO AFONSO PENA ,INICIANDO,,,Não,Região Intermediária de Belo Horizonte,PARAOPEBA,19000.00,0.00,,,,,,
1261,12,368,168,4519,0001,1,,,OBRA PARA RESTAURAÇÃOEE DOM LUSTOSA,INICIANDO,,,Não,Região Intermediária de Patos de Minas,PATROCÍNIO,19000.00,0.00,,,,,,
1261,12,368,168,4519,0001,1,,,OBRA DE RESTAURAÇÃOSEDE DA SRE DE PATROCÍNIO,INICIANDO,,,Não,Região Intermediária de Patos de Minas,PATROCÍNIO,19000.00,0.00,,,,,,
1261,12,368,168,4519,0001,1,,,OBRA PARA REFORMA E RESTAURAÇÃO DO PRÉDIOEE FRANCISCA BOTELHO,INICIANDO,,,Não,Região Intermediária de Divinópolis,PITANGUI,434720.00,0.00,,,,,,
1261,12,368,168,4519,0001,1,,,OBRA  DE REFORMA E RESTAURAÇÃOCESEC TANCREDO NEVES (PRÉDIO OCUPADO ANTERIORMENTE PELA EE FARNESE MACIEL ),INICIANDO,,,Não,Região Intermediária de Patos de Minas,PRESIDENTE OLEGÁRIO,221160.00,0.00,,,,,,
1261,12,368,168,4519,0001,1,,,CONCLUSÃO DA OBRA DE REFORMA E RESTAURAÇÃO EE JOAO DOS SANTOS,INICIANDO,,,Não,Região Intermediária de Barbacena,SÃO JOÃO DEL REI,1748000.00,0.00,,,,,,
1261,12,368,168,4519,0001,1,,,OBRA PARA SOLUÇÃO DE PROBLEMAS ESTRUTURAISSEDE DA SRE DE SETE LAGOAS,INICIANDO,,,Não,Região Intermediária de Belo Horizonte,SETE LAGOAS,479560.00,0.00,,,,,,
1261,12,368,168,4519,0001,1,,,OBRA PARA REPAROS ESTRUTURAIS (EXECUÇÃO DO REFORÇO DE FUNDAÇÃO E SERVIÇOS CORRELATOS) - 1A ETAPAEE DEPUTADO CARLOS PEIXOTO FILHO,INICIANDO,,,Não,Região Intermediária de Juíz de Fora,UBÁ,228000.00,0.00,,,,,,
1261,12,368,168,4519,0001,1,,,CONSTRUÇÃO DE ESCOLA - 16 SALAS DE AULA (NO BAIRRO JARDIM CÉLIA)EE 13 DE MAIO,EXECUÇÃO,,,Não,Região Intermediária de Uberlândia,UBERLÂNDIA,2552080.00,0.00,,,,,,
1261,12,368,168,4519,0001,1,,,REFORMA / REFORÇO ESTRUTURALEE CORAÇÃO DE JESUS,INICIANDO,,,Não,Região Intermediária de Varginha,VARGINHA,1386240.00,0.00,,,,,,
1261,12,368,168,4519,0001,1,,,OBRA PARA REFORMA/RESTAURAÇÃO EE BRASIL,INICIANDO,,,Não,Região Intermediária de Varginha,VARGINHA,1900000.00,0.00,,,,,,
1261,12,368,168,4519,0001,1,,,OBRA DE REFORMA E RESTAURAÇÃOEE DR. JOÃO PINHEIRO,INICIANDO,,,Não,Região Intermediária de Varginha,SÃO GONÇALO DO SAPUCAÍ,1008140.00,0.00,,,,,,
1261,12,368,168,4519,0001,1,,,"OBRAS PARA MURO DE ARRIMO E DRENAGEM, ALÉM DE REFORMA/RESTAURAÇÃO EE MINISTRO EDMUNDO LINS",INICIANDO,,,Não,Região Intermediária de Teófilo Otoni,SERRO,380000.00,0.00,,,,,,
1261,12,368,168,4519,0001,1,,,OBRA PARA REFORMA E RESTAURAÇÃOEE DR. ARTHUR BERNARDES,INICIANDO,,,Não,Região Intermediária de Belo Horizonte,SETE LAGOAS,228000.00,0.00,,,,,,
1261,12,368,168,4519,0001,1,,,OBRA PARA SOLUÇÃO DE PROBLEMAS ESTRUTURAISEE HAYDÉE DE SOUZA ABREU,INICIANDO,,,Não,Região Intermediária de Ipatinga,TIMÓTEO,539600.00,0.00,,,,,,
1261,12,368,168,4519,0001,1,,,"OBRA - MANUTENÇÃO E REVISÃO COMPLETA DAS COBERTURAS; PINTURA EXTERNA E INTERNA; RESTAURO DE ESQUADRIAS;  REVISÃO DE TODA A REDE ELÉTRICA; RESTAURO DA PINTURA ARTÍSTICA DO RODATETO E PROSPECÇÃO EXPLORATÓRIA NO HALL DE ENTRADA, VISANDO AVALIAR A EXISTÊ",INICIANDO,,,Não,Região Intermediária de Uberlândia,UBERLÂNDIA,19000.00,0.00,,,,,,
1261,12,368,168,4519,0001,1,,,OBRA PARA RESTAURAÇÃO EE AFONSO PENA,EXECUÇÃO,,,Não,Região Intermediária de Varginha,VARGINHA,2074800.00,0.00,,,,,,
1301,15,451,81,1037,0001,0,,12404,"DC-018/2023-Execução das serviço de Aumento de capacidade e Recuperação de Rodovia (aumento de capacidade) no trecho Três Pontas - Varginhas (Estaca 80 a 610), com 10,60 km de extensão, na Rodovia MG-167",EXECUÇÃO,,,Não,Região Intermediária de Varginha,TRÊS PONTAS,0.00,519640.00,,,,,,
1301,15,451,81,1037,0001,0,,12780,"Execução das obras de Implantação de Passarela na Rodovia MG-010, Km 15+850, trecho Belo Horizonte - Lagoa Santa (Cidade Administrativa), extensão de 312,00 m",EXECUÇÃO,,,Não,Região Intermediária de Belo Horizonte,BELO HORIZONTE,0.00,5839492.00,,,,,,
1301,15,451,81,1037,0001,0,,10397,"PRC-22.021/18 -Melhoramento e pavimentação no trecho Ibertioga  Piedade do Rio Grande, na Rodovia MG/338, extensão de 13,25km",EXECUÇÃO,,,Não,Região Intermediária de Barbacena,IBERTIOGA,0.00,19153735.00,,,,,,
1301,15,451,81,1037,0001,0,,12850,"Melhoramento e pavimentação do trecho de Jaboticatubas - Lagoa Santa, em rodovia Municipal.",EXECUÇÃO,,,Não,Região Intermediária de Belo Horizonte,JABOTICATUBAS,0.00,23943007.00,,,,,,
1301,15,451,81,1037,0001,0,,12634,Melhoramento e pavimentação do Trecho Itapagipe - Entrº 364 (Campina Verde) MGC 154 - LOTE 01,EXECUÇÃO,,,Não,Região Intermediária de Uberaba,ITAPAGIPE,0.00,26593690.00,,,,,,
1301,15,451,81,1037,0001,0,,12785,"Execução da Obra de Engenharia de Melhoramento e pavimentação da Interseção de acesso ao Presídio de Iturama, na via Municipal, com extensão de 2,000 km.",EXECUÇÃO,,,Não,Região Intermediária de Uberaba,ITURAMA,0.00,2870210.00,,,,,,
1301,15,451,81,1037,0001,0,,12824,"Melhoramento e Pavimentação em Rodovia de Ligação no trecho Entrº LMG-690 (Paracatu) - Entrº Entre Ribeiros - Lote 1 - Segmento 1 (0 a 835), extensão: 16,700 km e Segmento 2 (835 a 1250), extensão 8,300 km.",EXECUÇÃO,,,Não,Região Intermediária de Patos de Minas,PARACATU,0.00,23280000.00,,,,,,
1301,15,451,81,1037,0001,0,,4716,"Entr. BR/365-Entr. LMG/782 (p/ Iraí de Minas), Monte Carmelo-Chapada de Minas e Pindaibas-Ent.BR/365",EXECUÇÃO,,,Não,Região Intermediária de Uberlândia,MONTE CARMELO,0.00,19100000.00,,,,,,
1301,15,451,99,1038,0001,0,,11140,"CONSTRUÇÃO DE 64 UNIDADES HABITACIONAIS PAC FNHIS
",EXECUÇÃO,,,Não,Região Intermediária de Belo Horizonte,CONTAGEM,0.00,300000.00,,,,,,
1301,26,453,117,4290,0001,0,,12510, tratamento viário para implantação de sistema BRS em dois corredores de importância metropolitana na Região Metropolitana de Belo Horizonte (RMBH),EXECUÇÃO,,,Não,Região Intermediária de Belo Horizonte,BELO HORIZONTE,0.00,40000000.00,,,,,,
1301,15,451,139,1036,0001,0,,12453,LOTE 1 EXECUCAO DAS OBRAS DE ESTABILIZACAO E CONTENCAO DE ENCOSTAS EM AREAS URBANAS EM ALEM PARAIBA,EXECUÇÃO,,,Não,Região Intermediária de Juíz de Fora,ALÉM PARAÍBA,0.00,539924.00,,,,,,
1301,15,451,139,1036,0001,0,,12454,LOTE  2 -  EXECUCAO DAS OBRAS DE ESTABILIZACAO E CONTENCAO DE ENCOSTAS EM AREAS URBANAS EM MURIAE,EXECUÇÃO,,,Não,Região Intermediária de Juíz de Fora,MURIAÉ,0.00,15337533.00,,,,,,
1301,15,451,139,1036,0001,0,,11521,"Obras de contenção de encostas em Sabará - Intervenção em setores de risco alto e muito alto, no âmbito do Programa PAC Gestão de Riscos e Resposta a Desastres.",EXECUÇÃO,,,Não,Região Intermediária de Belo Horizonte,SABARÁ,0.00,1440021.00,,,,,,
1301,15,451,139,1036,0001,0,,11519,"Obras de contenção de encostas em João Monlevade - Intervenção em setores de risco alto e muito alto, no âmbito do Programa PAC Gestão de Riscos e Resposta a Desastres.",EXECUÇÃO,,,Não,Região Intermediária de Ipatinga,JOÃO MONLEVADE,0.00,6942767.00,,,,,,
1301,15,451,139,1036,0001,0,,11512,"bras de contenção de encostas em Timóteo - Intervenção em setores de risco alto e muito alto, no âmbito do Programa PAC Gestão de Riscos e Respostas a Desastres.",INICIANDO,,,Não,Região Intermediária de Ipatinga,TIMÓTEO,0.00,14686005.00,,,,,,
1301,15,451,139,1036,0001,0,,11514,"Obras de Contenção de encostas em Ouro Preto - Intervenção em setores de risco alto e muito alto, no ambito do programa PAC gestão de riscos e resposta a desastres.",EXECUÇÃO,,,Não,Região Intermediária de Belo Horizonte,OURO PRETO,0.00,52160376.00,,,,,,
1301,15,451,139,1036,0001,0,,11511,"Obras de Contenção de encostas em Manhumirim, Lajinha, Ervália,Sabinópolis e Diogo de Vasconcelos - Intervenção em setores de risco alto e muito alto. No ambito do Programa PAC gestão de riscos e proposta a desastres.",EXECUÇÃO,,,Não,Estadual,DIVERSOS MUNICÍPIOS - ESTADUAL,0.00,20521500.00,,,,,,
1301,15,451,139,1036,0001,0,,11520,"Obras de contenção de encostas em Santa Luzia - Intervenção em setores de risco alto e muito alto, no âmbito do Programa PAC Gestão de Riscos e Resposta a Desastres.",EXECUÇÃO,,,Não,Região Intermediária de Belo Horizonte,SANTA LUZIA,0.00,6952445.00,,,,,,
1301,15,451,139,1036,0001,0,,11513,"Obras de Contenção de encostas em Ewbank da Câmara, Matias Barbosa e Visconde do Rio Branco - Intervenção em setores de risco alto e muito alto, no ambito do programa PAC gestão de riscos e proposta a desastre.",EXECUÇÃO,,,Não,Estadual,DIVERSOS MUNICÍPIOS - ESTADUAL,0.00,12959175.00,,,,,,
1301,15,451,139,1036,0001,0,,11977,"Execução de Obras de Contenção de Encostas em Cataguases/MG - Intervenção em setores de risco alto e muito alto, no âmbito do programa PAC Gestão de Riscos e Resposta a Desastres.",EXECUÇÃO,,,Não,Região Intermediária de Juíz de Fora,CATAGUASES,0.00,38244490.00,,,,,,
1451,06,421,130,1048,0001,1,,,Construção de uma unidade prisional de segurança média com aproximadamente 800 (oitocentas) vagas.,INICIANDO,,,Não,Estadual,DIVERSOS MUNICÍPIOS - ESTADUAL,904245.00,62970566.00,,,,,,
1451,06,243,146,4441,0001,1,,,Construção e implementação de modelos alternativos de prestação da Medida Socioeducativa de Privação de Liberdade no Estado de Minas Gerais.,PARALISADO,,,Não,Região Intermediária de Belo Horizonte,BELO HORIZONTE,0.00,6999284.00,,,,,,
1451,06,243,146,4441,0001,1,,,Construção e implementação de modelos alternativos de prestação da Medida Socioeducativa de Privação de Liberdade no Estado de Minas Gerais.,PARALISADO,,,Não,Região Intermediária de Belo Horizonte,BETIM,0.00,651694.00,,,,,,
1451,06,243,146,4441,0001,1,,,Construção e implementação de modelos alternativos de prestação da Medida Socioeducativa de Privação de Liberdade no Estado de Minas Gerais.,PARALISADO,,,Não,Região Intermediária de Varginha,ALFENAS,0.00,651694.00,,,,,,
1451,06,243,146,4441,0001,1,,,Construção e implementação de modelos alternativos de prestação da Medida Socioeducativa de Privação de Liberdade no Estado de Minas Gerais.,PARALISADO,,,Não,Região Intermediária de Belo Horizonte,CONTAGEM,0.00,1472757.00,,,,,,
1451,06,243,146,4441,0001,1,,,Construção e implementação de modelos alternativos de prestação da Medida Socioeducativa de Privação de Liberdade no Estado de Minas Gerais.,PARALISADO,,,Não,Região Intermediária de Uberaba,ARAXÁ,0.00,651694.00,,,,,,
1501,04,122,147,4476,0001,0,,,REDIMENSIONAMENTO DE REDE ELÉTRICA (NRPMSO'S) - Garantir a segurança elétrica para implementação de novos equipamentos,INICIANDO,,,Não,Região Intermediária de Belo Horizonte,BELO HORIZONTE,270000.00,0.00,,,,,,
1501,04,122,156,4465,0001,0,,,Construção de um abrigo de Resíduos Sólidos e guaritas de segurança externa na CAMG,INICIANDO,,,Não,Região Intermediária de Belo Horizonte,BELO HORIZONTE,1100000.00,0.00,,,,,,
1501,04,122,156,4465,0001,0,,,Execução do projeto de reutilização da água da purga ,INICIANDO,,,Não,Região Intermediária de Belo Horizonte,BELO HORIZONTE,624000.00,0.00,,,,,,
1501,04,122,156,4465,0001,0,,,Projeto de modernização da alimentação elétrica emergencial dos elevadores,INICIANDO,,,Não,Região Intermediária de Belo Horizonte,BELO HORIZONTE,210000.00,0.00,,,,,,
1501,04,122,156,4465,0001,0,,,Programa de monitoramento e responsabilidade técnica das barragens da Cidade Administrativa,INICIANDO,,,Não,Região Intermediária de Belo Horizonte,BELO HORIZONTE,150000.00,0.00,,,,,,
1501,04,122,156,4465,0001,0,,,Impermeabilização das coberturas do prédio Alterosa e reforço estrutural do estacionamento do Alterosas,INICIANDO,,,Não,Região Intermediária de Belo Horizonte,BELO HORIZONTE,3918408.00,0.00,,,,,,
1501,04,122,705,2500,0001,0,,,Projeto AVCB para o antigo prédio do IOF na av. Augusto de Lima,INICIANDO,207,1,Sim,Região Intermediária de Belo Horizonte,BELO HORIZONTE,282000.00,0.00,,,,,,
1511,06,181,32,1006,0001,0,,,1ª Fase da Execução da Obra de Reformas e Adaptações da Antiga Cadeia Pública de Teofilo Otoni onde será instalada a Nova Delegacia Especializada no Atendimento a Mulher da DRPC de Teofilo Otoni. ,INICIANDO,,,Não,Estadual,DIVERSOS MUNICÍPIOS - ESTADUAL,0.00,1000000.00,,,,,,
1511,06,181,32,4063,0001,0,,,Construção do Complexo que irá abrigar o Núcleo Integrado de Perícias,INICIANDO,,,Não,Região Intermediária de Belo Horizonte,DIVERSOS MUNICÍPIOS - REGIÃO INTERMEDIÁRIA DE BELO HORIZONTE,150000.00,20000000.00,,,,,,
1541,10,122,705,2500,0001,0,,,REFORMA DA ESCOLA DE SAÚDE PÚBLICA DO MUNICÍPIO DE BELO HORIZONTE,EXECUÇÃO,,,Não,Região Intermediária de Belo Horizonte,BELO HORIZONTE,1393050.00,0.00,,,,,,
2011,10,302,88,4231,0001,0,,12871,"EXECUCAO DE OBRAS POR CONTRATO DE BENS PATRIMONIAVEIS adequação do HGIP para obtenção do AVCB																						
",INICIANDO,,,Não,Região Intermediária de Belo Horizonte,BELO HORIZONTE,0.00,2000000.00,,,,,,
2011,10,302,88,4231,0001,0,,9999,Reforma da Endoscopia - HGIP ,INICIANDO,,,Não,Região Intermediária de Belo Horizonte,BELO HORIZONTE,0.00,1600000.00,,,,,,
2011,10,122,705,2500,0001,0,,12690,"Apoio à GELENG, no atendimento às demandas de serviços de reforma e manutenção nas unidades.",INICIANDO,,,Não,Região Intermediária de Belo Horizonte,BELO HORIZONTE,0.00,2200000.00,,,,,,
2151,12,572,75,1023,0001,0,,,"CONTRATAÇÃO DE EMPRESA ESPECIALIZADA PARA ELABORAÇÃO DE ESTUDOS TÉCNICOS, LEVANTAMENTOS TOPOGRÁFICOS, SONDAGENS, ESTUDOS AMBIENTAIS, PROJETOS DE ARQUITETURA E ENGENHARIA, ORÇAMENTOS, MEMORIAIS DESCRITIVOS E AFINS",INICIANDO,,,Não,Região Intermediária de Belo Horizonte,IBIRITÉ,200000.00,0.00,,,,,,
2151,12,122,705,2500,0001,0,,,"CONTRATAÇÃO DO CONSÓRCIO PGM / SINAURB CIDERSU (PGM CONSTRUÇÕES E EMPREENDIMENTOS LTDA E SINAURB SERVIÇOS E EMPREENDIMENTOS LTDA) PRESTAÇÃO DE SERVIÇOS COMUNS E CONTÍNUOS DE ENGENHARIA, SOB DEMANDA, DESTINADOS À MANUTENÇÃO PREDIAL, CONSERVAÇÃO E EXEC",INICIANDO,,,Não,Região Intermediária de Belo Horizonte,IBIRITÉ,1500000.00,0.00,,,,,,
2301,26,782,81,4268,0001,0,,,Reabilitação da MG-010 (Conceição do Mato Dentro a Serro),INICIANDO,,,Não,Estadual,DIVERSOS MUNICÍPIOS - ESTADUAL,0.00,5000000.00,,,,,,
2301,26,782,81,4268,0001,0,,,Reabilitação da MG-129 (Ouro Preto a Ouro Branco),INICIANDO,,,Não,Estadual,DIVERSOS MUNICÍPIOS - ESTADUAL,0.00,5000000.00,,,,,,
2301,26,782,81,4268,0001,0,,,"Restauração Rodovia MG-010, trecho Conceição do Mato Dentro - Serro (Distrito de Mato Grosso) e recomposição de Talude Erodido",INICIANDO,,,Não,Estadual,DIVERSOS MUNICÍPIOS - ESTADUAL,0.00,10000000.00,,,,,,
2301,26,782,81,4275,0001,0,,,Pavimentação MG-326 (Ponte Nova a Barra Longa) ,INICIANDO,,,Não,Estadual,DIVERSOS MUNICÍPIOS - ESTADUAL,0.00,82286724.00,,,,,,
2301,26,782,81,4275,0001,0,,,Pavimentação da MG-314 (Entr. MG-416 (Peçanha) a LMG-744 (Coroaci) Entr. Virgolândia),INICIANDO,,,Não,Estadual,DIVERSOS MUNICÍPIOS - ESTADUAL,0.00,22137718.00,,,,,,
2301,26,782,81,4275,0001,0,,,Pavimentação da Rodovia Municipal (Santa Rita do Itueto a Entr. BR-259 (Resplendor)),INICIANDO,,,Não,Estadual,DIVERSOS MUNICÍPIOS - ESTADUAL,0.00,21757581.00,,,,,,
2301,26,782,81,4275,0001,0,,,"Rodovia MG-010, trecho Conceição do Mato Dentro - Serro (Distrito de Mato Grosso), com extensão de 21,80 Km",INICIANDO,,,Não,Estadual,DIVERSOS MUNICÍPIOS - ESTADUAL,0.00,8036364.00,,,,,,
2301,26,782,81,4275,0001,0,,,Trecho Entrº LMG-690 (Paracatu) - Entrº Entre Ribeiros (Distrito) - Entrº MG-181 (Estaca 1250 a 2000),INICIANDO,,,Não,Estadual,DIVERSOS MUNICÍPIOS - ESTADUAL,0.00,14063636.00,,,,,,
2301,26,782,81,4275,0001,0,,,"Rodovia MG-10 - Trecho Conceição do Mato Dentro - Serro (Distrito de Mato Grosso), com extensão de 22,50 km",INICIANDO,,,Não,Estadual,DIVERSOS MUNICÍPIOS - ESTADUAL,0.00,8100000.00,,,,,,
2301,26,782,81,4275,0001,0,,,Melhoramento e pavimentação do Contorno de Andradas,INICIANDO,,,Não,Estadual,DIVERSOS MUNICÍPIOS - ESTADUAL,0.00,4804860.00,,,,,,
2301,26,782,81,4275,0001,0,,,Empreendimento em definição junto ao Banco do Brasil - Contrato de Financiamento nº 20/00020-0 (PDMG),INICIANDO,,,Não,Estadual,DIVERSOS MUNICÍPIOS - ESTADUAL,0.00,6000001.00,,,,,,
2301,26,782,81,4287,0001,0,,,Empreendimentos do Acordo Judicial do Rio Doce,INICIANDO,,,Não,Estadual,DIVERSOS MUNICÍPIOS - ESTADUAL,1000.00,0.00,,,,,,
2301,26,782,81,4289,0001,0,,,Empreendimentos do Acordo Judicial de Brumadinho,INICIANDO,,,Não,Estadual,DIVERSOS MUNICÍPIOS - ESTADUAL,1000.00,0.00,,,,,,
2301,26,782,81,4293,0001,0,,,04ª URG Barbacena,INICIANDO,,,Não,Estadual,DIVERSOS MUNICÍPIOS - ESTADUAL,0.00,13000000.00,,,,,,
2301,26,782,81,4293,0001,0,,,20ª URG Formiga,INICIANDO,,,Não,Estadual,DIVERSOS MUNICÍPIOS - ESTADUAL,0.00,13000000.00,,,,,,
2301,26,782,81,4293,0001,0,,,28ª URG Teófilo Otoni,INICIANDO,,,Não,Estadual,DIVERSOS MUNICÍPIOS - ESTADUAL,0.00,9671783.00,,,,,,
2301,26,782,81,4293,0001,0,,,30ª URG Juiz de Fora,INICIANDO,,,Não,Estadual,DIVERSOS MUNICÍPIOS - ESTADUAL,0.00,12500000.00,,,,,,
2301,26,782,81,4293,0001,0,,,01ª URG Belo Horizonte - Sul,INICIANDO,,,Não,Estadual,DIVERSOS MUNICÍPIOS - ESTADUAL,0.00,15000000.00,,,,,,
2301,26,782,81,4293,0001,0,,,01ª URG Belo Horizonte - Norte,INICIANDO,,,Não,Estadual,DIVERSOS MUNICÍPIOS - ESTADUAL,0.00,15000000.00,,,,,,
2301,26,782,81,4293,0001,0,,,31ª URG Ituiutaba,INICIANDO,,,Não,Estadual,DIVERSOS MUNICÍPIOS - ESTADUAL,0.00,10000000.00,,,,,,
2311,12,363,7,4006,0001,0,,,Construção da escola do Brasil Profissionalizado no município de Unaí-MG,PARALISADO,130,5000,Sim,Região Intermediária de Patos de Minas,UNAÍ,5000000.00,0.00,,,,,,
2321,10,302,87,4222,0001,0,,,Projetos em unidade diversas ,EXECUÇÃO,,,Não,Região Intermediária de Belo Horizonte,BELO HORIZONTE,800291.00,0.00,,,,,,
2321,10,302,87,4222,0001,0,,,Projetos em unidade diversas ,EXECUÇÃO,,,Não,Região Intermediária de Belo Horizonte,BETIM,174673.00,0.00,,,,,,
2321,10,302,87,4222,0001,0,,11877,Contrato a obra de reforma e ampliação,INICIANDO,,,Não,Região Intermediária de Barbacena,SÃO JOÃO DEL REI,1088908.00,0.00,,,,,,
2361,28,846,705,7004,0001,0,,,Possível adequação da sede,INICIANDO,,,Não,,,,,,,,,,
2361,09,274,766,2113,0001,0,,,Possível adequação da sede,INICIANDO,,,Não,,,,,,,,,,
2361,09,274,767,2114,0001,0,,,Possível obras de adequação da sede.,INICIANDO,,,Não,Região Intermediária de Belo Horizonte,BELO HORIZONTE,0.00,2754406.00,,,,,,
2371,20,609,78,4238,0001,0,,,Reestruturação física e ampliação do Laboratório de Química Agropecuária do Instituto Mineiro de Agropecuária - IMA,INICIANDO,,,Não,Região Intermediária de Belo Horizonte,BELO HORIZONTE,8311374.00,0.00,,,,,,
2421,08,544,101,1016,0001,0,,,Implantação de Sistemas de Abastecimento de Água e instalação de kits fotovoltaicos em poços artesianos conforme demanda da sociedade,INICIANDO,,,Não,Estadual,DIVERSOS MUNICÍPIOS - ESTADUAL,477508.00,0.00,,,,,,
3051,12,364,15,4016,0001,0,,,"Instalações do curso de Agropecuária de Precisão, com 1.070 m² de área total, além de 5 unidades de tratamento de águas residuárias.",INICIANDO,,,Não,Estadual,DIVERSOS MUNICÍPIOS - ESTADUAL,4825656.00,0.00,,,,,,
3051,12,364,15,4016,0001,0,,,"Construção de novas instalações no Instituto Tecnológico de Agropecuária de Pitangui - ITAP, totalizando 3.214 m², para salas de aula, plantas-piloto de produção e laboratórios de apoio.",INICIANDO,,,Não,Estadual,DIVERSOS MUNICÍPIOS - ESTADUAL,12649000.00,0.00,,,,,,
3051,12,364,15,4016,0001,0,,,"Reforma do edifício histórico do Instituto de Laticínios Cândido Tostes, localizado no município dde juiz de Fora. ",INICIANDO,,,Não,Estadual,DIVERSOS MUNICÍPIOS - ESTADUAL,3715000.00,0.00,,,,,,
3051,19,571,16,4018,0001,0,,,Melhoria da infraestrutura da pesquisa.,INICIANDO,,,Não,Estadual,DIVERSOS MUNICÍPIOS - ESTADUAL,0.00,250000.00,,,,,,
3051,19,571,16,4018,0001,0,,,Melhoria na infraestrutura das unidades de pesquisa.,INICIANDO,,,Não,Estadual,DIVERSOS MUNICÍPIOS - ESTADUAL,0.00,250000.00,,,,,,
4031,02,061,706,2091,0001,0,,12054, Construção do novo prédio do Fórum da Comarca de Betim/MG,EXECUÇÃO,207,1,Sim,Estadual,DIVERSOS MUNICÍPIOS - ESTADUAL,0.00,10431496.00,,,,,,
4031,02,061,706,2091,0001,0,,12702,"CINCÃO - Fornecimento e montagem de estante tipo porta-paletes e de planos metálicos para os armazéns 6, 7 e 8, Galpão 2, Arquivo Central e Permanente do TRIBUNAL",EXECUÇÃO,,,Não,Região Intermediária de Belo Horizonte,BELO HORIZONTE,0.00,102247.00,,,,,,
4031,02,061,706,2091,0001,0,,12806,Campo Belo/MG - Construção do novo Fórum da Comarca de Campo Belo,EXECUÇÃO,207,1,Sim,Estadual,DIVERSOS MUNICÍPIOS - ESTADUAL,0.00,19560087.00,,,,,,
4031,02,061,706,2091,0001,0,,12638,Obra de construção do novo Fórum da Comarca de Carangola.,EXECUÇÃO,207,1,Sim,Estadual,DIVERSOS MUNICÍPIOS - ESTADUAL,0.00,19560087.00,,,,,,
4031,02,061,706,2091,0001,0,,12568,Obra de construção do novo Fórum da Comarca de Itabirito/MG.,EXECUÇÃO,,,Não,Estadual,DIVERSOS MUNICÍPIOS - ESTADUAL,0.00,5550000.00,,,,,,
4031,02,061,706,2091,0001,0,,12627,Execução da 4ª (quarta) parcela da reforma parcial do Edifício-Sede do TRIBUNAL.,EXECUÇÃO,,,Não,Região Intermediária de Belo Horizonte,BELO HORIZONTE,0.00,4000000.00,,,,,,
4031,02,061,706,2091,0001,0,,12146,"Reforma geral do Fórum Lafayette, em Belo Horizonte/MG",EXECUÇÃO,,,Não,Região Intermediária de Belo Horizonte,BELO HORIZONTE,0.00,13121711.00,,,,,,
4031,02,061,706,2091,0001,0,,12400, Contrato a execução da obra de reforma e ampliação do Fórum da Comarca de Ipatinga/MG,EXECUÇÃO,207,1,Sim,Estadual,DIVERSOS MUNICÍPIOS - ESTADUAL,0.00,18431199.00,,,,,,
4031,02,061,706,2091,0001,0,,12288, Reforma e Ampliação do Fórum da Comarca de Monte Belo/MG,EXECUÇÃO,207,1,Sim,Estadual,DIVERSOS MUNICÍPIOS - ESTADUAL,0.00,1950000.00,,,,,,
5011,04,122,133,3017,0001,0,,,CENTRO DE CULTURA PRESIDENTE ITAMAR FRANCO,INICIANDO,,,Não,Estadual,DIVERSOS MUNICÍPIOS - ESTADUAL,0.00,800000.00,,,,,,
5031,19,572,133,3015,0001,0,,,BALNEÁRIO ÁGUAS SANTAS - TIRADENTES/MG | BARREIO DE ARAXÁ,INICIANDO,,,Não,Estadual,DIVERSOS MUNICÍPIOS - ESTADUAL,0.00,4782988.00,,,,,,
5141,04,126,30,6006,0001,0,,,"ELABORAÇÃO E EXECUÇÃO DE PROJETOS RELACIONADOS À REFORMA, MODERNIZAÇÃO E ADEQUAÇÃO DAS INSTALAÇÕES PREDIAIS DA COMPANHIA.",INICIANDO,,,Não,Estadual,DIVERSOS MUNICÍPIOS - ESTADUAL,0.00,16317109.00,,,,,,
5391,25,752,92,3004,0001,0,,,Expansão e Aquisição do Sistema de Transmissão ,INICIANDO,,,Não,Região Intermediária de Belo Horizonte,DIVERSOS MUNICÍPIOS - REGIÃO INTERMEDIÁRIA DE BELO HORIZONTE,0.00,92004926.00,,,,,,
5391,25,752,92,3004,0001,0,,,Expansão e Aquisição do Sistema de Transmissão ,INICIANDO,,,Não,Região Intermediária de Montes Claros,DIVERSOS MUNICÍPIOS - REGIÃO INTERMEDIÁRIA DE MONTES CLAROS,0.00,10705994.00,,,,,,
5391,25,752,92,3004,0001,0,,,Expansão e Aquisição do Sistema de Transmissão ,INICIANDO,,,Não,Região Intermediária de Juíz de Fora,DIVERSOS MUNICÍPIOS - REGIÃO INTERMEDIÁRIA DE JUÍZ DE FORA,0.00,10464844.00,,,,,,
5391,25,752,92,3004,0001,0,,,Expansão e Aquisição do Sistema de Transmissão ,INICIANDO,,,Não,Região Intermediária de Uberlândia,DIVERSOS MUNICÍPIOS - REGIÃO INTERMEDIÁRIA DE UBERLÂNDIA,0.00,2098278.00,,,,,,
5391,25,752,92,3004,0001,0,,,Expansão e Aquisição do Sistema de Transmissão ,INICIANDO,,,Não,Estadual,DIVERSOS MUNICÍPIOS - ESTADUAL,0.00,96721858.00,,,,,,
5391,25,752,92,3004,0001,0,,,Expansão e Aquisição do Sistema de Transmissão ,INICIANDO,,,Não,Região Intermediária de Uberaba,DIVERSOS MUNICÍPIOS - REGIÃO INTERMEDIÁRIA DE UBERABA,0.00,16415074.00,,,,,,
5391,25,752,92,3004,0001,0,,,Expansão e Aquisição do Sistema de Transmissão ,INICIANDO,,,Não,Região Intermediária de Ipatinga,DIVERSOS MUNICÍPIOS - REGIÃO INTERMEDIÁRIA DE IPATINGA,0.00,1.00,,,,,,
5391,25,752,92,3005,0001,0,,,Reformas de Subestações e Linhas de Transmissão,INICIANDO,,,Não,Região Intermediária de Belo Horizonte,DIVERSOS MUNICÍPIOS - REGIÃO INTERMEDIÁRIA DE BELO HORIZONTE,0.00,126817302.00,,,,,,
5391,25,752,92,3005,0001,0,,,Reformas de Subestações e Linhas de Transmissão,INICIANDO,,,Não,Região Intermediária de Montes Claros,DIVERSOS MUNICÍPIOS - REGIÃO INTERMEDIÁRIA DE MONTES CLAROS,0.00,16058991.00,,,,,,
5391,25,752,92,3005,0001,0,,,Reformas de Subestações e Linhas de Transmissão,INICIANDO,,,Não,Região Intermediária de Juíz de Fora,DIVERSOS MUNICÍPIOS - REGIÃO INTERMEDIÁRIA DE JUÍZ DE FORA,0.00,65795530.00,,,,,,
5391,25,752,92,3005,0001,0,,,Reformas de Subestações e Linhas de Transmissão,INICIANDO,,,Não,Região Intermediária de Uberlândia,DIVERSOS MUNICÍPIOS - REGIÃO INTERMEDIÁRIA DE UBERLÂNDIA,0.00,44156794.00,,,,,,
5391,25,752,92,3005,0001,0,,,Reformas de Subestações e Linhas de Transmissão,INICIANDO,,,Não,Estadual,DIVERSOS MUNICÍPIOS - ESTADUAL,0.00,140716908.00,,,,,,
5391,25,752,92,3005,0001,0,,,Reformas de Subestações e Linhas de Transmissão,INICIANDO,,,Não,Região Intermediária de Ipatinga,DIVERSOS MUNICÍPIOS - REGIÃO INTERMEDIÁRIA DE IPATINGA,0.00,8715687.00,,,,,,
5391,25,752,92,3005,0001,0,,,Reformas de Subestações e Linhas de Transmissão,INICIANDO,,,Não,Região Intermediária de Uberaba,DIVERSOS MUNICÍPIOS - REGIÃO INTERMEDIÁRIA DE UBERABA,0.00,24622611.00,,,,,,
5391,25,752,94,3001,0001,0,,,Expansão do Sistema de Geração,INICIANDO,,,Não,Estadual,DIVERSOS MUNICÍPIOS - ESTADUAL,0.00,1.00,,,,,,
